--
-- PostgreSQL database dump
--

\restrict 8XXhGcRZLGsWl8QjMCveObfx3I1gHO9x5Mwbu0U6HL4hsDSRnHFMIAhhFiEVu7j

-- Dumped from database version 18.1 (Debian 18.1-1.pgdg12+2)
-- Dumped by pg_dump version 18.3 (Homebrew)

SET statement_timeout = 0;
SET lock_timeout = 0;
SET idle_in_transaction_session_timeout = 0;
SET transaction_timeout = 0;
SET client_encoding = 'UTF8';
SET standard_conforming_strings = on;
SELECT pg_catalog.set_config('search_path', '', false);
SET check_function_bodies = false;
SET xmloption = content;
SET client_min_messages = warning;
SET row_security = off;

--
-- Name: public; Type: SCHEMA; Schema: -; Owner: -
--

-- *not* creating schema, since initdb creates it


SET default_tablespace = '';

SET default_table_access_method = heap;

--
-- Name: auth_group; Type: TABLE; Schema: public; Owner: -
--

CREATE TABLE public.auth_group (
    id integer NOT NULL,
    name character varying(150) NOT NULL
);


--
-- Name: auth_group_id_seq; Type: SEQUENCE; Schema: public; Owner: -
--

ALTER TABLE public.auth_group ALTER COLUMN id ADD GENERATED BY DEFAULT AS IDENTITY (
    SEQUENCE NAME public.auth_group_id_seq
    START WITH 1
    INCREMENT BY 1
    NO MINVALUE
    NO MAXVALUE
    CACHE 1
);


--
-- Name: auth_group_permissions; Type: TABLE; Schema: public; Owner: -
--

CREATE TABLE public.auth_group_permissions (
    id bigint NOT NULL,
    group_id integer NOT NULL,
    permission_id integer NOT NULL
);


--
-- Name: auth_group_permissions_id_seq; Type: SEQUENCE; Schema: public; Owner: -
--

ALTER TABLE public.auth_group_permissions ALTER COLUMN id ADD GENERATED BY DEFAULT AS IDENTITY (
    SEQUENCE NAME public.auth_group_permissions_id_seq
    START WITH 1
    INCREMENT BY 1
    NO MINVALUE
    NO MAXVALUE
    CACHE 1
);


--
-- Name: auth_permission; Type: TABLE; Schema: public; Owner: -
--

CREATE TABLE public.auth_permission (
    id integer NOT NULL,
    name character varying(255) NOT NULL,
    content_type_id integer NOT NULL,
    codename character varying(100) NOT NULL
);


--
-- Name: auth_permission_id_seq; Type: SEQUENCE; Schema: public; Owner: -
--

ALTER TABLE public.auth_permission ALTER COLUMN id ADD GENERATED BY DEFAULT AS IDENTITY (
    SEQUENCE NAME public.auth_permission_id_seq
    START WITH 1
    INCREMENT BY 1
    NO MINVALUE
    NO MAXVALUE
    CACHE 1
);


--
-- Name: bookings_blockedday; Type: TABLE; Schema: public; Owner: -
--

CREATE TABLE public.bookings_blockedday (
    id bigint NOT NULL,
    date date NOT NULL,
    reason text NOT NULL,
    created_at timestamp with time zone NOT NULL
);


--
-- Name: bookings_blockedday_id_seq; Type: SEQUENCE; Schema: public; Owner: -
--

ALTER TABLE public.bookings_blockedday ALTER COLUMN id ADD GENERATED BY DEFAULT AS IDENTITY (
    SEQUENCE NAME public.bookings_blockedday_id_seq
    START WITH 1
    INCREMENT BY 1
    NO MINVALUE
    NO MAXVALUE
    CACHE 1
);


--
-- Name: bookings_booking; Type: TABLE; Schema: public; Owner: -
--

CREATE TABLE public.bookings_booking (
    id bigint NOT NULL,
    date date NOT NULL,
    "time" time without time zone NOT NULL,
    status character varying(20) NOT NULL,
    created_at timestamp with time zone NOT NULL,
    customer_gender character varying(10) NOT NULL,
    customer_phone character varying(15) NOT NULL,
    ip_address inet,
    is_verified boolean NOT NULL,
    otp character varying(128),
    otp_created_at timestamp with time zone,
    booking_group_id uuid,
    service_id bigint NOT NULL,
    customer_email character varying(254)
);


--
-- Name: bookings_booking_id_seq; Type: SEQUENCE; Schema: public; Owner: -
--

ALTER TABLE public.bookings_booking ALTER COLUMN id ADD GENERATED BY DEFAULT AS IDENTITY (
    SEQUENCE NAME public.bookings_booking_id_seq
    START WITH 1
    INCREMENT BY 1
    NO MINVALUE
    NO MAXVALUE
    CACHE 1
);


--
-- Name: bookings_customertrust; Type: TABLE; Schema: public; Owner: -
--

CREATE TABLE public.bookings_customertrust (
    id bigint NOT NULL,
    phone_number character varying(15) NOT NULL,
    successful_bookings integer NOT NULL,
    no_shows integer NOT NULL,
    late_cancellations integer NOT NULL,
    trust_level character varying(10) NOT NULL
);


--
-- Name: bookings_customertrust_id_seq; Type: SEQUENCE; Schema: public; Owner: -
--

ALTER TABLE public.bookings_customertrust ALTER COLUMN id ADD GENERATED BY DEFAULT AS IDENTITY (
    SEQUENCE NAME public.bookings_customertrust_id_seq
    START WITH 1
    INCREMENT BY 1
    NO MINVALUE
    NO MAXVALUE
    CACHE 1
);


--
-- Name: bookings_service; Type: TABLE; Schema: public; Owner: -
--

CREATE TABLE public.bookings_service (
    id bigint NOT NULL,
    name character varying(100) NOT NULL,
    price numeric(6,2) NOT NULL,
    duration_minutes integer NOT NULL,
    image character varying(100),
    description text NOT NULL,
    category character varying(100) NOT NULL,
    gender character varying(10) NOT NULL
);


--
-- Name: bookings_service_id_seq; Type: SEQUENCE; Schema: public; Owner: -
--

ALTER TABLE public.bookings_service ALTER COLUMN id ADD GENERATED BY DEFAULT AS IDENTITY (
    SEQUENCE NAME public.bookings_service_id_seq
    START WITH 1
    INCREMENT BY 1
    NO MINVALUE
    NO MAXVALUE
    CACHE 1
);


--
-- Name: dashboard_shopsetting; Type: TABLE; Schema: public; Owner: -
--

CREATE TABLE public.dashboard_shopsetting (
    id bigint CONSTRAINT dashboard_shopsettings_id_not_null NOT NULL,
    is_otp_enabled boolean CONSTRAINT dashboard_shopsettings_otp_enabled_not_null NOT NULL
);


--
-- Name: dashboard_shopsettings_id_seq; Type: SEQUENCE; Schema: public; Owner: -
--

ALTER TABLE public.dashboard_shopsetting ALTER COLUMN id ADD GENERATED BY DEFAULT AS IDENTITY (
    SEQUENCE NAME public.dashboard_shopsettings_id_seq
    START WITH 1
    INCREMENT BY 1
    NO MINVALUE
    NO MAXVALUE
    CACHE 1
);


--
-- Name: django_admin_log; Type: TABLE; Schema: public; Owner: -
--

CREATE TABLE public.django_admin_log (
    id integer NOT NULL,
    action_time timestamp with time zone NOT NULL,
    object_id text,
    object_repr character varying(200) NOT NULL,
    action_flag smallint NOT NULL,
    change_message text NOT NULL,
    content_type_id integer,
    user_id bigint NOT NULL,
    CONSTRAINT django_admin_log_action_flag_check CHECK ((action_flag >= 0))
);


--
-- Name: django_admin_log_id_seq; Type: SEQUENCE; Schema: public; Owner: -
--

ALTER TABLE public.django_admin_log ALTER COLUMN id ADD GENERATED BY DEFAULT AS IDENTITY (
    SEQUENCE NAME public.django_admin_log_id_seq
    START WITH 1
    INCREMENT BY 1
    NO MINVALUE
    NO MAXVALUE
    CACHE 1
);


--
-- Name: django_content_type; Type: TABLE; Schema: public; Owner: -
--

CREATE TABLE public.django_content_type (
    id integer NOT NULL,
    app_label character varying(100) NOT NULL,
    model character varying(100) NOT NULL
);


--
-- Name: django_content_type_id_seq; Type: SEQUENCE; Schema: public; Owner: -
--

ALTER TABLE public.django_content_type ALTER COLUMN id ADD GENERATED BY DEFAULT AS IDENTITY (
    SEQUENCE NAME public.django_content_type_id_seq
    START WITH 1
    INCREMENT BY 1
    NO MINVALUE
    NO MAXVALUE
    CACHE 1
);


--
-- Name: django_migrations; Type: TABLE; Schema: public; Owner: -
--

CREATE TABLE public.django_migrations (
    id bigint NOT NULL,
    app character varying(255) NOT NULL,
    name character varying(255) NOT NULL,
    applied timestamp with time zone NOT NULL
);


--
-- Name: django_migrations_id_seq; Type: SEQUENCE; Schema: public; Owner: -
--

ALTER TABLE public.django_migrations ALTER COLUMN id ADD GENERATED BY DEFAULT AS IDENTITY (
    SEQUENCE NAME public.django_migrations_id_seq
    START WITH 1
    INCREMENT BY 1
    NO MINVALUE
    NO MAXVALUE
    CACHE 1
);


--
-- Name: django_session; Type: TABLE; Schema: public; Owner: -
--

CREATE TABLE public.django_session (
    session_key character varying(40) NOT NULL,
    session_data text NOT NULL,
    expire_date timestamp with time zone NOT NULL
);


--
-- Name: users_user; Type: TABLE; Schema: public; Owner: -
--

CREATE TABLE public.users_user (
    id bigint NOT NULL,
    password character varying(128) NOT NULL,
    last_login timestamp with time zone,
    is_superuser boolean NOT NULL,
    username character varying(150) NOT NULL,
    first_name character varying(150) NOT NULL,
    last_name character varying(150) NOT NULL,
    email character varying(254) NOT NULL,
    is_staff boolean NOT NULL,
    is_active boolean NOT NULL,
    date_joined timestamp with time zone NOT NULL,
    is_barber boolean NOT NULL,
    phone_number character varying(15) NOT NULL
);


--
-- Name: users_user_groups; Type: TABLE; Schema: public; Owner: -
--

CREATE TABLE public.users_user_groups (
    id bigint NOT NULL,
    user_id bigint NOT NULL,
    group_id integer NOT NULL
);


--
-- Name: users_user_groups_id_seq; Type: SEQUENCE; Schema: public; Owner: -
--

ALTER TABLE public.users_user_groups ALTER COLUMN id ADD GENERATED BY DEFAULT AS IDENTITY (
    SEQUENCE NAME public.users_user_groups_id_seq
    START WITH 1
    INCREMENT BY 1
    NO MINVALUE
    NO MAXVALUE
    CACHE 1
);


--
-- Name: users_user_id_seq; Type: SEQUENCE; Schema: public; Owner: -
--

ALTER TABLE public.users_user ALTER COLUMN id ADD GENERATED BY DEFAULT AS IDENTITY (
    SEQUENCE NAME public.users_user_id_seq
    START WITH 1
    INCREMENT BY 1
    NO MINVALUE
    NO MAXVALUE
    CACHE 1
);


--
-- Name: users_user_user_permissions; Type: TABLE; Schema: public; Owner: -
--

CREATE TABLE public.users_user_user_permissions (
    id bigint NOT NULL,
    user_id bigint NOT NULL,
    permission_id integer NOT NULL
);


--
-- Name: users_user_user_permissions_id_seq; Type: SEQUENCE; Schema: public; Owner: -
--

ALTER TABLE public.users_user_user_permissions ALTER COLUMN id ADD GENERATED BY DEFAULT AS IDENTITY (
    SEQUENCE NAME public.users_user_user_permissions_id_seq
    START WITH 1
    INCREMENT BY 1
    NO MINVALUE
    NO MAXVALUE
    CACHE 1
);


--
-- Data for Name: auth_group; Type: TABLE DATA; Schema: public; Owner: -
--

COPY public.auth_group (id, name) FROM stdin;
\.


--
-- Data for Name: auth_group_permissions; Type: TABLE DATA; Schema: public; Owner: -
--

COPY public.auth_group_permissions (id, group_id, permission_id) FROM stdin;
\.


--
-- Data for Name: auth_permission; Type: TABLE DATA; Schema: public; Owner: -
--

COPY public.auth_permission (id, name, content_type_id, codename) FROM stdin;
1	Can add log entry	1	add_logentry
2	Can change log entry	1	change_logentry
3	Can delete log entry	1	delete_logentry
4	Can view log entry	1	view_logentry
5	Can add permission	2	add_permission
6	Can change permission	2	change_permission
7	Can delete permission	2	delete_permission
8	Can view permission	2	view_permission
9	Can add group	3	add_group
10	Can change group	3	change_group
11	Can delete group	3	delete_group
12	Can view group	3	view_group
13	Can add content type	4	add_contenttype
14	Can change content type	4	change_contenttype
15	Can delete content type	4	delete_contenttype
16	Can view content type	4	view_contenttype
17	Can add session	5	add_session
18	Can change session	5	change_session
19	Can delete session	5	delete_session
20	Can view session	5	view_session
21	Can add user	6	add_user
22	Can change user	6	change_user
23	Can delete user	6	delete_user
24	Can view user	6	view_user
25	Can add service	7	add_service
26	Can change service	7	change_service
27	Can delete service	7	delete_service
28	Can view service	7	view_service
29	Can add booking	8	add_booking
30	Can change booking	8	change_booking
31	Can delete booking	8	delete_booking
32	Can view booking	8	view_booking
33	Can add customer trust	9	add_customertrust
34	Can change customer trust	9	change_customertrust
35	Can delete customer trust	9	delete_customertrust
36	Can view customer trust	9	view_customertrust
37	Can add blocked day	10	add_blockedday
38	Can change blocked day	10	change_blockedday
39	Can delete blocked day	10	delete_blockedday
40	Can view blocked day	10	view_blockedday
41	Can add shop setting	11	add_shopsetting
42	Can change shop setting	11	change_shopsetting
43	Can delete shop setting	11	delete_shopsetting
44	Can view shop setting	11	view_shopsetting
\.


--
-- Data for Name: bookings_blockedday; Type: TABLE DATA; Schema: public; Owner: -
--

COPY public.bookings_blockedday (id, date, reason, created_at) FROM stdin;
1	2026-04-30		2026-03-06 13:23:03.657231+00
2	2026-04-29		2026-03-06 13:23:15.23796+00
4	2026-05-01		2026-03-06 13:23:28.883983+00
\.


--
-- Data for Name: bookings_booking; Type: TABLE DATA; Schema: public; Owner: -
--

COPY public.bookings_booking (id, date, "time", status, created_at, customer_gender, customer_phone, ip_address, is_verified, otp, otp_created_at, booking_group_id, service_id, customer_email) FROM stdin;
75	2026-03-06	13:00:00	cancelled	2026-03-05 17:41:14.073954+00	Boy	9025513160	157.51.9.184	t	\N	\N	d7dae046-5a82-49ce-9a96-d6882571b9ea	203	zion3635@gmail.com
71	2026-03-05	20:00:00	cancelled	2026-03-05 14:15:19.969994+00	Boy	9025513160	157.51.37.142	t	\N	\N	83ca1ba3-b696-4987-b72c-2cf575740114	219	arjuns56567@gmail.com
74	2026-03-06	12:00:00	cancelled	2026-03-05 17:41:14.071991+00	Boy	9025513160	157.51.9.184	t	\N	\N	d7dae046-5a82-49ce-9a96-d6882571b9ea	204	zion3635@gmail.com
78	2026-03-10	17:00:00	confirmed	2026-03-06 07:10:44.550881+00	Boy	6369596214	157.51.38.36	t	\N	\N	4f5a67a4-a59f-4120-8ab8-ca078e1e6804	228	karangabriel200@gmail.com
81	2026-03-07	11:00:00	confirmed	2026-03-06 07:20:32.061916+00	Boy	9677325782	157.51.8.145	t	\N	\N	e755c783-d2de-4c46-98ff-04cf26b6d701	215	zion3635@gmail.com
84	2026-03-06	21:00:00	confirmed	2026-03-06 13:25:39.941165+00	Boy	9025513160	122.174.115.102	t	\N	\N	c3afd2e5-724b-4177-928c-32b62996d3d8	214	zion3635@gmail.com
91	2026-03-09	15:00:00	confirmed	2026-03-08 17:41:46.782884+00	Boy	9003891999	157.51.26.13	t	\N	\N	7c7de658-fdd2-4a2a-9be1-03a373699233	228	zion3635@gmail.com
94	2026-03-09	16:00:00	confirmed	2026-03-09 06:14:31.339517+00	Boy	7092513160	122.174.115.102	t	\N	\N	2ae88644-c4b2-4fa2-8a0d-cc0fcb460aa7	228	zion3635@gmail.com
101	2026-03-16	18:00:00	confirmed	2026-03-09 13:58:29.422587+00	Boy	7092513160	122.174.115.102	t	\N	\N	f6f8fc78-6a74-4628-979c-44d28819503a	214	zion3635@gmail.com
102	2026-03-16	19:00:00	confirmed	2026-03-09 13:58:29.459819+00	Boy	7092513160	122.174.115.102	t	\N	\N	f6f8fc78-6a74-4628-979c-44d28819503a	228	zion3635@gmail.com
105	2026-03-18	19:00:00	confirmed	2026-03-09 14:14:09.360258+00	Boy	93849 94297	157.51.47.20	t	\N	\N	eb0646c4-e928-4b7c-ba83-73208fc217af	214	malikbabu356@gmail.com
108	2026-03-14	19:00:00	confirmed	2026-03-10 16:22:46.980147+00	Boy	8438037810	157.51.12.119	t	\N	\N	851a088d-6e04-4cda-9bfa-40f47dbb2699	228	yusufzubair987@gmail.com
111	2026-03-11	17:00:00	cancelled	2026-03-10 17:36:48.642813+00	Boy	9791986371	152.57.84.83	t	\N	\N	58676af4-c178-4dc0-b9b3-ba21964fc01a	208	dineshkumardknec@gmail.com
114	2026-03-11	17:00:00	confirmed	2026-03-11 06:06:09.864828+00	Boy	9791986371	111.92.16.164	t	\N	\N	9ab18dfb-12a3-4d28-af10-152b126d6bdd	216	dineshkumardknec@gmail.com
115	2026-03-11	18:00:00	cancelled	2026-03-11 06:06:09.866792+00	Boy	9791986371	111.92.16.164	t	\N	\N	9ab18dfb-12a3-4d28-af10-152b126d6bdd	214	dineshkumardknec@gmail.com
118	2026-03-17	10:00:00	confirmed	2026-03-12 09:36:21.989882+00	Boy	6369596214	157.49.238.8	t	\N	\N	037bb164-20f4-435e-aa9d-5f62a3fc0e9a	228	karangabriel200@gmail.com
121	2026-03-13	16:00:00	confirmed	2026-03-12 16:36:39.660268+00	Boy	7092513160	122.178.103.197	t	\N	\N	1c22dc04-544e-4f51-8ea0-2ab690e9696d	228	zion3635@gmail.com
124	2026-03-13	17:00:00	confirmed	2026-03-13 05:02:29.560759+00	Boy	9360743302	157.51.41.117	t	\N	\N	7a885cfd-cd60-4beb-b7e8-107ae8c7e168	214	arjuns56567@gmail.com
127	2026-03-16	16:00:00	confirmed	2026-03-13 15:45:53.391072+00	Boy	7092513160	106.205.78.22	t	\N	\N	b86f846a-899f-45fa-b845-176e357c7f57	228	akbar@gmail.com
131	2026-03-16	10:00:00	confirmed	2026-03-14 11:06:43.562062+00	Boy	+91 99525 28923	157.51.6.154	t	\N	\N	06c59184-8ae5-4cf7-95ce-55ad77f7b52a	228	sureshrithvin007@gmail.com
134	2026-03-16	20:00:00	confirmed	2026-03-14 15:01:56.25948+00	Boy	9486413053	117.98.184.7	t	\N	\N	1ecc4ed6-3842-41f2-a2fc-8bb45def4c76	228	anifabro@gmail.com
137	2026-03-17	11:00:00	confirmed	2026-03-15 12:09:21.008839+00	Boy	6379959862	157.51.27.245	t	\N	\N	4c646c65-a6dc-4b81-a309-9a3516886a6a	228	a01250447@gmail.com
140	2026-03-17	17:00:00	confirmed	2026-03-15 13:38:37.266312+00	Boy	+91 6369-249702	157.51.33.218	t	\N	\N	9dfd2ccd-c0f9-4d79-a2f0-86490f49b02c	214	af4afz@gmail.com
146	2026-03-18	13:00:00	confirmed	2026-03-16 11:58:41.366023+00	Boy	8838821519	117.98.184.7	t	\N	\N	550ca986-f42e-4511-a8c4-791bcdeb7fbd	228	vickyabu@gmail.com
149	2026-03-18	10:00:00	confirmed	2026-03-17 07:04:35.534493+00	Boy	+91 6379-959862	157.51.16.22	t	\N	\N	52b48a76-f606-44fe-b7a6-974f00e46199	228	abdullah@gmail.com
152	2026-03-19	11:00:00	confirmed	2026-03-18 06:15:55.624675+00	Boy	7092513160	157.51.25.184	t	\N	\N	ca7f770c-afae-4cc5-a04c-d01ba6f52347	228	prakash@gmail.com
155	2026-03-19	13:00:00	confirmed	2026-03-18 11:20:10.966444+00	Boy	9487511000	122.178.210.37	t	\N	\N	84211756-6bcd-46d4-ab99-30feb461b111	228	arihanth@gmail.com
1	2026-01-28	10:00:00	confirmed	2026-01-18 09:28:41.272+00	Boy	9865206921	127.0.0.1	t	651315	2026-01-18 09:28:41.271+00	351a1b6e-156e-47aa-bdd5-bb044c72dd08	188	\N
2	2026-01-29	11:00:00	confirmed	2026-01-21 09:28:42.104+00	Boy	9865206921	127.0.0.1	t	245928	2026-01-21 09:28:42.102+00	1992737f-b18b-4ea4-870d-d1c66d9cb09f	188	\N
3	2026-01-29	12:00:00	confirmed	2026-01-21 09:28:42.107+00	Boy	9865206921	127.0.0.1	t	245928	2026-01-21 09:28:42.102+00	1992737f-b18b-4ea4-870d-d1c66d9cb09f	187	\N
4	2026-01-29	13:00:00	confirmed	2026-01-21 09:28:42.109+00	Boy	9865206921	127.0.0.1	t	245928	2026-01-21 09:28:42.102+00	1992737f-b18b-4ea4-870d-d1c66d9cb09f	185	\N
5	2026-01-29	15:00:00	confirmed	2026-01-24 16:58:02.812+00	Boy	9865206921	127.0.0.1	t	\N	\N	bde35036-c24b-4486-bc80-5b30e0bcaa15	188	\N
6	2026-01-29	16:00:00	confirmed	2026-01-24 16:58:02.815+00	Boy	9865206921	127.0.0.1	t	\N	\N	bde35036-c24b-4486-bc80-5b30e0bcaa15	189	\N
7	2026-01-28	11:00:00	confirmed	2026-01-25 06:02:39.382+00	Boy	9865206921	127.0.0.1	t	\N	\N	0b2a1cbc-0522-4259-a8f5-a5ce90112941	188	\N
8	2026-01-28	12:00:00	confirmed	2026-01-25 06:02:39.385+00	Boy	9865206921	127.0.0.1	t	\N	\N	0b2a1cbc-0522-4259-a8f5-a5ce90112941	198	\N
10	2026-01-28	15:00:00	confirmed	2026-01-26 07:31:27.85+00	Boy	9865206921	127.0.0.1	t	\N	\N	76d73330-69d3-45af-bef7-7028d6fb3d0f	188	\N
11	2026-01-29	14:00:00	confirmed	2026-01-27 14:45:10.304417+00	Boy	9865206921	127.0.0.1	t	\N	\N	bc0a622c-9606-45b2-ac63-967715cd7606	188	\N
12	2026-01-31	16:00:00	confirmed	2026-01-27 16:11:04.061432+00	Boy	9865206921	127.0.0.1	t	\N	\N	b3e12971-d90e-4da4-8087-b7f4cb508a42	188	\N
14	2026-01-31	10:00:00	confirmed	2026-01-29 07:02:09.574106+00	Boy	9865206921	203.197.244.190	t	\N	\N	32e93264-1911-4639-a264-90511a61ef9b	188	\N
25	2026-02-18	20:00:00	confirmed	2026-02-18 11:04:06.579933+00	Boy	9025513160	157.51.29.165	t	672ec4dda4a89456ef2c4e2bc1893399a0f04b61d55d9bfb0cd72960bf860558	2026-02-18 11:04:06.573074+00	28d85dee-6c28-4b53-9f2b-239ac1f2a2a0	188	arjuns56567@gmail.com
17	2026-02-20	14:00:00	confirmed	2026-02-11 16:39:49.226147+00	Boy	9865206921	115.96.75.164	t	\N	\N	0f7f6125-f813-4896-a07c-1d1108a92887	188	kram58059@gmail.com
18	2026-02-21	10:00:00	confirmed	2026-02-11 17:00:50.054616+00	Boy	9865206921	115.96.75.164	t	\N	\N	c3419512-a3ea-43bc-9e30-8b8d8c4562fd	215	kram58059@gmail.com
36	2026-02-25	10:00:00	confirmed	2026-02-25 03:18:40.400271+00	Boy	7092513160	157.51.32.119	t	09957ae4dbad578a1982de301abd04ec0937f78aa78c1c9252bceaeb5456e16b	2026-02-25 03:18:40.395147+00	52abbf0e-54cf-4a26-ba44-b89bdf0114bd	209	zion3635@gmail.com
26	2026-02-19	11:00:00	confirmed	2026-02-18 11:46:23.682435+00	Boy	9360743302	157.51.2.46	t	c697e6a764c1950918abb18db0fc7ff0e12d6f7e4bf144c0e9a57867ceb2af1d	2026-02-18 11:46:23.627954+00	750822ae-0b73-472c-9826-332ecd2bbe98	203	julieswetha@gmail.com
27	2026-02-19	12:00:00	confirmed	2026-02-18 11:46:23.693032+00	Boy	9360743302	157.51.2.46	t	c697e6a764c1950918abb18db0fc7ff0e12d6f7e4bf144c0e9a57867ceb2af1d	2026-02-18 11:46:23.627954+00	750822ae-0b73-472c-9826-332ecd2bbe98	202	julieswetha@gmail.com
69	2026-03-05	19:00:00	cancelled	2026-03-05 13:10:56.543339+00	Boy	9025513160	122.178.159.194	t	\N	\N	15142302-a3cb-477d-88a7-3227a0e94d8f	188	zion3635@gmail.com
72	2026-03-12	10:00:00	cancelled	2026-03-05 15:50:58.237834+00	Boy	9865206921	115.96.75.164	t	\N	\N	cc4bbe07-7ba1-44e7-8816-68262d94aef9	214	kram58059@gmail.com
76	2026-03-06	10:00:00	cancelled	2026-03-05 18:07:56.317158+00	Boy	9025513160	157.51.21.216	t	\N	\N	65957ebd-3816-4597-aa3a-d2e7c2fb73f0	195	arjuns56567@gmail.com
44	2026-03-06	12:00:00	cancelled	2026-03-01 04:57:11.366755+00	Boy	9025513160	157.51.16.78	t	0ab847ee0dd9fd88e9689ce1c32f2ebaaa969d3710ba1fd81246899ec37e268b	2026-03-01 04:57:11.36065+00	09982268-d287-44b6-b9f1-3fc65707295b	193	arjuns56567@gmail.com
79	2026-03-06	19:00:00	confirmed	2026-03-06 07:18:33.762056+00	Boy	9345094316	157.51.8.145	t	\N	\N	2e4de817-9a5b-4324-8371-1e628316abb3	215	zion3635@gmail.com
82	2026-03-07	16:00:00	confirmed	2026-03-06 10:04:15.489402+00	Boy	9003185588	157.51.43.245	t	\N	\N	836c2af4-3624-48c7-83bf-3ac052fbe55e	215	siliyas@gmail.com
85	2026-03-07	19:00:00	cancelled	2026-03-07 05:35:53.473002+00	Boy	9489333588	122.174.115.102	t	\N	\N	2356adfe-9fdf-4503-81c9-b4dfe6f03ecf	216	zion3635@gmail.com
92	2026-03-09	13:00:00	confirmed	2026-03-08 18:20:12.063884+00	Boy	 6374 064 959	157.51.41.114	t	\N	\N	6e40d359-2e16-4706-8189-fdb774043536	228	sasiikumarr2003@gmail.com
132	2026-03-16	11:00:00	confirmed	2026-03-14 13:41:34.76845+00	Boy	+91 82203 07781	157.51.41.45	t	\N	\N	df73f71e-387c-4fae-8d79-06c9c326a4eb	228	mhdsiddik6666@gmail.com
95	2026-03-09	17:00:00	cancelled	2026-03-09 06:50:15.566795+00	Boy	7339106115	157.51.21.130	t	c8a2bd870c139655422e9db05212b9d51abfbb1ccb29e58a35c90a963adcea06	2026-03-09 06:50:15.565095+00	60660c9e-7454-48be-879f-f3850f5b1cc0	188	syedalayyash209@gmail.com
99	2026-03-17	20:00:00	confirmed	2026-03-09 13:53:11.362332+00	Boy	9597954029	122.174.115.102	t	\N	\N	4606ebfb-e6fa-4a43-8f2d-455b29fcfd08	214	alaudinaakif.com@gamil.com
98	2026-03-17	19:00:00	cancelled	2026-03-09 13:53:11.359966+00	Boy	9597954029	122.174.115.102	t	\N	\N	4606ebfb-e6fa-4a43-8f2d-455b29fcfd08	188	alaudinaakif.com@gamil.com
103	2026-03-17	18:00:00	confirmed	2026-03-09 14:07:50.461558+00	Boy	8189866608	157.51.35.144	t	\N	\N	cabf4c6e-8066-48a3-96d0-e06e3d48ea3f	228	stardheenu@gmail.com
106	2026-03-11	10:00:00	confirmed	2026-03-10 06:30:51.513852+00	Boy	6380942612	157.51.16.119	t	\N	\N	ff8928ad-1236-4d0e-98e7-456fa09f30c0	214	wahith433@gmail.com
109	2026-03-14	20:00:00	confirmed	2026-03-10 16:34:50.978044+00	Boy	8220480688	157.51.0.76	t	\N	\N	76b6eba9-1dc8-47e5-8d2e-8bf43e1508ce	228	ajmalhussain9776902@gmail.com
112	2026-03-11	13:00:00	confirmed	2026-03-11 05:05:03.678603+00	Boy	7092513160	122.178.103.197	t	\N	\N	9156161f-7363-4a2a-afbb-b9db001086e8	216	zion3635@gmail.com
116	2026-03-11	19:00:00	confirmed	2026-03-11 08:40:05.459303+00	Boy	7092513160	122.178.103.197	t	\N	\N	49cc3a0c-8d03-4759-b367-cf31c98aeeee	216	zion3635@gmail.com
119	2026-03-13	15:00:00	confirmed	2026-03-12 13:23:24.935732+00	Boy	7092513160	122.178.103.197	t	\N	\N	13091e9c-1a22-466c-b384-cb56413c65ca	214	zion3635@gmail.com
122	2026-03-13	13:00:00	confirmed	2026-03-12 16:37:23.246496+00	Boy	7092513160	122.178.103.197	t	\N	\N	24625ebb-6010-4e4e-9940-473a221764fc	228	zion3635@gmail.com
125	2026-03-13	20:00:00	confirmed	2026-03-13 06:33:02.668302+00	Boy	7092513160	106.205.78.22	t	\N	\N	7cafa054-6a49-49ea-a439-192c7287c754	228	abuhuraira3071@gmail.com
128	2026-03-18	20:00:00	confirmed	2026-03-13 16:51:57.797771+00	Boy	7806901861	106.205.78.22	t	\N	\N	bb280b30-22c3-44e4-b1b0-1239d5efeced	214	fayazfazu139@gmail.com
135	2026-03-17	19:00:00	confirmed	2026-03-15 05:46:42.442379+00	Boy	+91 77087 54797	157.51.18.153	t	\N	\N	fb7cafb1-a01e-4df3-b48a-460c4bdcae63	228	beno@gmail.com
138	2026-03-17	13:00:00	confirmed	2026-03-15 12:17:16.10398+00	Boy	6379699862	157.51.22.248	t	\N	\N	83a3c289-77cd-4b9c-990d-c3ea0d3b3d8b	228	imkhan565@gmail.com
141	2026-03-18	16:00:00	confirmed	2026-03-15 16:17:05.460487+00	Boy	+91 80-72761097	157.51.37.199	t	\N	\N	629bff2c-7351-4faa-9f25-f92f81db5919	214	farithahamed02@gmail.com
144	2026-03-18	11:00:00	confirmed	2026-03-16 10:14:04.071517+00	Boy	9003305710	117.98.184.7	t	\N	\N	d32b1fc4-d39c-48d0-8761-4cdf8787367d	214	rafi@gmail.com
147	2026-03-18	12:00:00	confirmed	2026-03-16 13:29:46.040031+00	Boy	8903801320	117.98.184.7	t	\N	\N	0a37461b-2fc0-4fb7-86f3-d0e59b4a01ef	216	prakash@gmail.com
150	2026-03-19	16:00:00	confirmed	2026-03-17 12:38:03.861836+00	Boy	6480381348	122.178.210.37	t	\N	\N	661cc970-248c-428f-bcf5-edae9a243ecd	228	madhavam@gmail.com
153	2026-03-19	14:00:00	cancelled	2026-03-18 10:03:16.307959+00	Boy	7810084103	157.49.204.48	t	\N	\N	4bb71da2-963c-4a29-a672-bdc938d284dd	214	mohamedkasimishak2005@gmail.com
156	2026-03-19	17:00:00	confirmed	2026-03-18 12:04:05.307237+00	Boy	6380499919	122.178.210.37	t	\N	\N	4d0a63fd-c2df-4ce4-a9e5-2489652a91e4	228	appas@gmail.com
59	2026-03-12	16:00:00	cancelled	2026-03-04 16:36:14.615699+00	Boy	9944665790	127.0.0.1	t	\N	\N	b0e267c8-6454-46b5-aa6f-dd19170cb50c	184	kram58059@gmail.com
58	2026-03-12	15:00:00	cancelled	2026-03-04 16:36:14.195697+00	Boy	9944665790	127.0.0.1	t	\N	\N	b0e267c8-6454-46b5-aa6f-dd19170cb50c	188	kram58059@gmail.com
56	2026-03-12	13:00:00	cancelled	2026-03-04 16:26:02.327208+00	Boy	9865206921	127.0.0.1	t	\N	\N	ca04156f-f159-4f4d-93ff-fca74a50da24	183	kram58059@gmail.com
73	2026-03-06	10:00:00	cancelled	2026-03-05 16:59:07.361043+00	Boy	9025513160	157.51.16.15	t	\N	\N	ca5b6c92-16cf-4a2d-83e2-896e7a229918	212	arjuns56567@gmail.com
77	2026-03-06	19:00:00	cancelled	2026-03-06 04:15:41.962154+00	Boy	9025513160	157.51.37.230	t	\N	\N	20c238e0-0d91-4d99-a851-732980db51d9	186	arjuns56567@gmail.com
80	2026-03-06	20:00:00	confirmed	2026-03-06 07:19:06.965893+00	Boy	9345094316	157.51.8.145	t	\N	\N	0434002a-a566-4d79-939b-198f7afcc16c	215	zion3635@gmail.com
83	2026-03-07	20:00:00	confirmed	2026-03-06 11:45:29.060119+00	Boy	8870227957	157.51.27.183	t	\N	\N	132223c7-5c57-4802-8eed-6c7762df4b50	228	anithahamed110603@gmail.com
89	2026-03-09	11:00:00	confirmed	2026-03-08 13:39:38.286525+00	Boy	7339106115	157.51.20.172	t	\N	\N	000bd44c-665c-44c4-8fd4-15d8a1c19767	216	syedalayyash209@gmail.com
90	2026-03-09	12:00:00	confirmed	2026-03-08 13:39:38.288186+00	Boy	7339106115	157.51.20.172	t	\N	\N	000bd44c-665c-44c4-8fd4-15d8a1c19767	214	syedalayyash209@gmail.com
93	2026-03-09	19:00:00	confirmed	2026-03-09 05:14:44.261999+00	Boy	7092513160	122.174.115.102	t	\N	\N	18f3d5af-0064-446e-9acc-82f024303b31	228	zion3635@gmail.com
100	2026-03-19	10:00:00	confirmed	2026-03-09 13:56:44.348849+00	Boy	9626597355	122.174.115.102	t	\N	\N	8ee407d7-8a6f-4aaf-a3dc-df5bdd969032	228	suhelsuhel3092004@gmail.com
104	2026-03-18	18:00:00	cancelled	2026-03-09 14:12:03.662506+00	Boy	93849 94297	157.51.47.20	t	\N	\N	c890bde6-30b4-48b3-ac5b-20b616c6a356	214	malikbabu356@gmail.com
107	2026-03-11	11:00:00	confirmed	2026-03-10 16:15:37.081926+00	Boy	7092513160	157.51.21.58	t	\N	\N	81b9740a-a5e0-41a5-ac39-40063aed9d5e	216	zion3635@gmail.com
110	2026-03-11	13:00:00	cancelled	2026-03-10 17:16:12.247345+00	Boy	6383021751	157.51.9.207	t	\N	\N	bd282e54-b676-456d-b6e6-4bbe86e9a0f6	228	smsraja2k02@gmail.com
117	2026-03-11	18:00:00	cancelled	2026-03-11 08:42:45.492242+00	Boy	7092513160	122.178.103.197	t	\N	\N	412b490d-48cb-43a9-9ee3-ec45a726c649	228	zion3635@gmail.com
120	2026-03-16	12:00:00	confirmed	2026-03-12 16:35:31.981434+00	Boy	9360214226	122.178.103.197	t	\N	\N	33998935-ffa3-485e-aa01-325ac83b3451	228	zion3635@gmail.com
123	2026-03-13	19:00:00	confirmed	2026-03-13 05:01:49.457613+00	Boy	9360743302	157.51.41.117	t	\N	\N	de7baf2b-e888-4866-9a7b-54f8c2817947	214	arjuns56567@gmail.com
126	2026-03-14	17:00:00	confirmed	2026-03-13 08:52:31.549726+00	Boy	7092513160	106.205.78.22	t	\N	\N	bc881b81-2224-4238-a199-dfbce9e81e54	228	achuazad123@gmail.com
129	2026-03-19	19:00:00	confirmed	2026-03-14 11:05:20.733575+00	Boy	6380861528	157.51.6.154	t	\N	\N	5c73cd69-4549-4db8-86e0-6b57c6583bb0	214	zion3635@gmail.com
130	2026-03-19	20:00:00	confirmed	2026-03-14 11:05:20.75974+00	Boy	6380861528	157.51.6.154	t	\N	\N	5c73cd69-4549-4db8-86e0-6b57c6583bb0	228	zion3635@gmail.com
133	2026-03-16	13:00:00	confirmed	2026-03-14 14:36:43.508657+00	Boy	9894883029	117.98.184.7	t	\N	\N	f63a9998-e593-452d-a632-7f39667c480b	228	zion3635@gmail.com
136	2026-03-16	17:00:00	confirmed	2026-03-15 08:24:35.067089+00	Boy	+91 90806 79812	157.51.27.169	t	\N	\N	c0e5785b-028b-4777-84db-bee280397484	228	muruganj9812@gmail.com
139	2026-03-17	21:00:00	confirmed	2026-03-15 12:26:28.864359+00	Boy	7548853125	157.51.23.187	t	\N	\N	ca0b5320-e097-46e1-abc6-6c12727588bc	228	muhammedrafimn212903u@gmail.com
142	2026-03-18	17:00:00	confirmed	2026-03-16 05:46:46.66254+00	Boy	9484252089	117.98.184.7	t	\N	\N	c807794b-f17d-4e8c-bff9-f2744c69a7e3	228	sathik@gmail.com
145	2026-03-18	18:00:00	confirmed	2026-03-16 10:15:02.50414+00	Boy	8610713870	117.98.184.7	t	\N	\N	6ad00e9a-5b13-4ad2-9cc5-d28ce8c83b32	228	afrith@gmail.com
148	2026-03-19	12:00:00	confirmed	2026-03-16 15:18:32.745217+00	Boy	8610452012	117.98.184.7	t	\N	\N	0ce91cfd-ac77-4851-83c9-74ea1e5ddd5a	228	irfanahamed080@gmail.com
151	2026-03-19	21:00:00	confirmed	2026-03-17 12:44:48.675668+00	Boy	7598410012	122.178.210.37	t	\N	\N	83ccf39d-f50d-4a57-b905-a5a61d61d4c5	228	raasid@gamil.com
154	2026-03-19	18:00:00	confirmed	2026-03-18 10:30:32.053066+00	Boy	8838821519	122.178.210.37	t	\N	\N	ad7b45c7-44f3-462c-b967-eaaaa50d7811	228	abu@gmail.com
\.


--
-- Data for Name: bookings_customertrust; Type: TABLE DATA; Schema: public; Owner: -
--

COPY public.bookings_customertrust (id, phone_number, successful_bookings, no_shows, late_cancellations, trust_level) FROM stdin;
3	9944665790	0	0	0	medium
2	9865206921	0	0	1	low
4	9025513160	0	0	1	low
5	9791986371	0	0	1	low
\.


--
-- Data for Name: bookings_service; Type: TABLE DATA; Schema: public; Owner: -
--

COPY public.bookings_service (id, name, price, duration_minutes, image, description, category, gender) FROM stdin;
184	Gold Facial	1300.00	60			Facials	Boy
185	Tan Clear	1500.00	60			Facials	Boy
186	Whitening	1500.00	60			Facials	Boy
187	Brightening	2000.00	60			Facials	Boy
190	Moisturizing	600.00	60			Hair Spa	Boy
192	Frizz Ease	800.00	60			Hair Spa	Boy
193	Anti-Dandruff	800.00	60			Hair Spa	Boy
194	Anti-Hairfall	800.00	60			Hair Spa	Boy
195	Hair Reborn	900.00	60			Hair Spa	Boy
198	Neck Massage (15 mins)	300.00	15			Reflexology / Massage	Boy
199	Eye Massage (15 mins)	200.00	15			Reflexology / Massage	Boy
208	Haircut + Trim/Shave + Cleansing	449.00	60			Haircut Combos	Boy
209	Haircut + Trim/Shave + Deep Conditioning	499.00	60			Haircut Combos	Boy
217	Shave	120.00	30			Hair Services	Boy
219	Head Shave	250.00	60			Hair Services	Boy
222	Ammonia	400.00	60			Hair Colour	Boy
223	Ammonia-Free	800.00	60			Hair Colour	Boy
221	Deep Conditioning	200.00	15			Hair Services	Boy
218	Executive Shave	350.00	45			Hair Services	Boy
188	Anti-Ageing	1800.00	60			Facials	Boy
226	10–20 Streaks	1000.00	60			Hair Colour	Boy
225	5–9 Streaks	600.00	60			Hair Colour	Boy
205	Blackhead Peel-Off	150.00	20			Express Face Masks	Boy
204	Blackhead Removal (with steam)	200.00	30			Express Face Masks	Boy
203	Charcoal Peel-Off	200.00	30			Express Face Masks	Boy
202	De-Tan	350.00	30			Express Face Masks	Boy
206	Deep Cleansing	100.00	20			Express Face Masks	Boy
189	O³ Groom Facial	3000.00	90			Facials	Boy
183	Clean-up (Fruit Facial) + De-Tan	899.00	60			Facials	Boy
191	Colour Save	700.00	45			Hair Spa	Boy
196	Head Massage (with steam, 30 mins)	400.00	45			Reflexology / Massage	Boy
197	Head Massage (without steam, 15 mins)	350.00	30			Reflexology / Massage	Boy
212	Haircut + Trim/Shave + Ammonia-Free Colour	999.00	120			Haircut Combos	Boy
213	Haircut + Trim/Shave + Ammonia-Free Colour + De-Tan	1299.00	120			Haircut Combos	Boy
207	Haircut + Trim/Shave + De-Tan	599.00	90			Haircut Combos	Boy
210	Haircut + Trim/Shave + Head Massage (no steam)	599.00	90			Haircut Combos	Boy
211	Haircut + Trim/Shave + Moisturising Spa	799.00	90			Haircut Combos	Boy
220	Hair Wash	100.00	15			Hair Services	Boy
215	Kids Cut (Boy)	250.00	60			Hair Services	Boy
216	Beard Trim	120.00	30			General	Boy
214	Haircut	250.00	60			General	Boy
228	Haircut trim	370.00	60			General	Boy
\.


--
-- Data for Name: dashboard_shopsetting; Type: TABLE DATA; Schema: public; Owner: -
--

COPY public.dashboard_shopsetting (id, is_otp_enabled) FROM stdin;
1	f
\.


--
-- Data for Name: django_admin_log; Type: TABLE DATA; Schema: public; Owner: -
--

COPY public.django_admin_log (id, action_time, object_id, object_repr, action_flag, change_message, content_type_id, user_id) FROM stdin;
\.


--
-- Data for Name: django_content_type; Type: TABLE DATA; Schema: public; Owner: -
--

COPY public.django_content_type (id, app_label, model) FROM stdin;
1	admin	logentry
2	auth	permission
3	auth	group
4	contenttypes	contenttype
5	sessions	session
6	users	user
7	bookings	service
8	bookings	booking
9	bookings	customertrust
10	bookings	blockedday
11	dashboard	shopsetting
\.


--
-- Data for Name: django_migrations; Type: TABLE DATA; Schema: public; Owner: -
--

COPY public.django_migrations (id, app, name, applied) FROM stdin;
1	contenttypes	0001_initial	2026-01-27 14:43:23.031618+00
2	contenttypes	0002_remove_content_type_name	2026-01-27 14:43:23.044319+00
3	auth	0001_initial	2026-01-27 14:43:23.096143+00
4	auth	0002_alter_permission_name_max_length	2026-01-27 14:43:23.102781+00
5	auth	0003_alter_user_email_max_length	2026-01-27 14:43:23.10904+00
6	auth	0004_alter_user_username_opts	2026-01-27 14:43:23.114088+00
7	auth	0005_alter_user_last_login_null	2026-01-27 14:43:23.119529+00
8	auth	0006_require_contenttypes_0002	2026-01-27 14:43:23.120937+00
9	auth	0007_alter_validators_add_error_messages	2026-01-27 14:43:23.127704+00
10	auth	0008_alter_user_username_max_length	2026-01-27 14:43:23.133163+00
11	auth	0009_alter_user_last_name_max_length	2026-01-27 14:43:23.1388+00
12	auth	0010_alter_group_name_max_length	2026-01-27 14:43:23.148937+00
13	auth	0011_update_proxy_permissions	2026-01-27 14:43:23.153999+00
14	auth	0012_alter_user_first_name_max_length	2026-01-27 14:43:23.161404+00
15	users	0001_initial	2026-01-27 14:43:23.216885+00
16	admin	0001_initial	2026-01-27 14:43:23.238338+00
17	admin	0002_logentry_remove_auto_add	2026-01-27 14:43:23.248076+00
18	admin	0003_logentry_add_action_flag_choices	2026-01-27 14:43:23.25808+00
19	bookings	0001_initial	2026-01-27 14:43:23.286208+00
20	bookings	0002_remove_booking_barber_remove_booking_customer_and_more	2026-01-27 14:43:23.362596+00
21	bookings	0003_service_category_service_gender	2026-01-27 14:43:23.372801+00
22	bookings	0004_customertrust_booking_ip_address_booking_is_verified_and_more	2026-01-27 14:43:23.402963+00
23	bookings	0005_remove_booking_services_booking_booking_group_id_and_more	2026-01-27 14:43:23.438628+00
24	bookings	0006_alter_booking_otp	2026-01-27 14:43:23.443496+00
25	sessions	0001_initial	2026-01-27 14:43:23.455789+00
26	bookings	0007_booking_customer_email	2026-02-11 15:43:17.485277+00
27	bookings	0008_booking_razorpay_order_id_and_more	2026-02-11 15:43:17.495795+00
28	bookings	0009_blockedday	2026-02-15 10:37:48.704053+00
29	users	0002_alter_user_phone_number	2026-02-15 16:14:08.698854+00
30	bookings	0010_booking_remove_payment_and_update_status	2026-03-04 10:48:43.423489+00
31	dashboard	0001_initial	2026-03-04 10:48:44.444979+00
32	dashboard	0002_rename_shopsettings_shopsetting_and_more	2026-03-04 10:48:45.896182+00
\.


--
-- Data for Name: django_session; Type: TABLE DATA; Schema: public; Owner: -
--

COPY public.django_session (session_key, session_data, expire_date) FROM stdin;
1vprri4wn92injwyvgroz4wacrwbdj5i	eyJsYXN0X2Jvb2tpbmdfaWQiOjh9:1vYfxr:DVdud8R_okxyJMBi8BR03pH1r-jgNVKpRa4ggaX8qUo	2026-01-08 07:40:51.933+00
2f277bwdl2njdvim3dfvoo7ib1ukxq0i	eyJsYXN0X2Jvb2tpbmdfaWQiOjJ9:1vYfHP:FQkI9NmGsjVjTDwSZ8PGDbnikgQI7wZfN-SbIRhkEqc	2026-01-08 06:56:59.254+00
3dqv28bmsx3bxf155tazdi0whbmfy0f7	.eJxVjjsOwyAQRO9CHSG8GGSndJ8zoF0Wf2ILJIOLKMrdQyI3bt_MPM1b5LAFXwK7KUQOu7iLIb3ETTg8yuyOHHa3cKXNlRH6tQ5qwE-MU5I-xbIvJH8VeaZZPhKHbTi7F8GMea5rVN4QsCGyRkEDPSs1jqyBTGs8IigPwDY0ncZegQXbaUKtW8IOrB2rdMNcHKW0LnH6f226zxdTtkbj:1vgHMQ:Fxtb1iGc0Yh-zciKLf3a387Olb_IzsqEXX2-f_oZrpg	2026-01-29 07:01:38.56+00
5qthhmxvyit5klia4gtiqce5hjg39lfp	eyJzZWxlY3RlZF9nZW5kZXIiOiJCb3kiLCJsYXN0X2Jvb2tpbmdfaWQiOjEyfQ:1vcnHk:iavIb49ZQ-wato-ZgvnTw7t7TTYZMndLHxVXn90b9OY	2026-01-19 16:18:24.462+00
6g2kiq3v2bgxmn6d78dwrxes7wyt1xwc	.eJxVjE0OwiAYBe_C2hBAKMWl-56BfD8gVQNJaVfGu2uTLnT7Zua9RIRtLXHraYkzi4sw4vS7IdAj1R3wHeqtSWp1XWaUuyIP2uXUOD2vh_t3UKCXb23RBO-I9VlTQqfIh5AZBsjBGwNqZGBGT4q0UooHk2m06DKE4Jy3JN4f9uw4XQ:1vQnlv:cSChSbzhqXxfuOhUtJtNeHAilXvxqVx4fXrosTIchbM	2025-12-17 14:23:59.865+00
fuhcoethhardp07qtdkphmcr4okcmv44	eyJzZWxlY3RlZF9zZXJ2aWNlX2lkcyI6WyIxIiwiMiJdfQ:1vYfGp:5skW0PLnrTUg-HNciFK6vW-hOosrnO83x5MLDfH7faQ	2026-01-08 06:56:23.195+00
fy8zkp1ooo79x7zohfp1hdep8423yqe7	.eJxVTztuwzAMvYvmxBApS7A9Zu8JikKgJPrTuBZgKQWKoncvXWRwFw7vz2_l6VFn_yi8-yWpQYG6nLFA8c7bQaR32qbcxLzVfQnNIWmebGlecuL19tT-C5ipzOImHW3AZENwViNgn7Qex2Qw2NZGItQRMTmGzlCv0aHrTCBj2kAdOjdK6Eql-pDzfdmmv63gLqrwyrFy8pM08y5Nt_ylTrhs-Fwii6Go4VVB1wsLvZOLcDyLaNTbyZCossSgjLhquII7p9Xl4yChHbRWP786DWPg:1vez5U:haTIbEp1SAurHLjVwhZzPpXSuijjY7TCTndnkIfIl90	2026-01-25 17:18:48.061+00
jhz2oe8s85ilwxktseask12awu9ihllf	eyJzZWxlY3RlZF9zZXJ2aWNlX2lkcyI6WyIxIiwiMiJdfQ:1vZNoK:tYkDK8E6V-0jRa379f5OZNc7OF0YhVEzaCp8bSeZI8w	2026-01-10 06:29:56.259+00
k2ejsg4s7tlzup251eb9z5tj3wkh5qnh	.eJxVjE0OwiAYBe_C2hBAKMWl-56BfD8gVQNJaVfGu2uTLnT7Zua9RIRtLXHraYkzi4sw4vS7IdAj1R3wHeqtSWp1XWaUuyIP2uXUOD2vh_t3UKCXb23RBO-I9VlTQqfIh5AZBsjBGwNqZGBGT4q0UooHk2m06DKE4Jy3JN4f9uw4XQ:1vQo7h:mzPad_MKGoWbP2SwzDrSm0620kF7n2Uv2Z5zwOnwk-M	2025-12-17 14:46:29.778+00
n41h9ebgmvyqe6prhk8y8zk7b1phfjs0	.eJxVjEEOwiAQRe_C2pBhKIS6dO8ZyAwDUjU0Ke3KeHdt0oVu_3vvv1Skba1x63mJk6izMur0uzGlR247kDu126zT3NZlYr0r-qBdX2fJz8vh_h1U6vVbEyTHKI7ZO0CDowCUIhbZDS4RISRE8dkESyOgRx8sk7UDU0Dvi3p_AN6ZN3M:1vQnnN:W-vTVWYkBEAGmfk2xQFZUfcWz-e-Ogdo-_QQWUHtJEk	2025-12-17 14:25:29.414+00
q4so8z4kynbf0pvambfdqhpbfb6c1uev	.eJxVjE0OwiAYBe_C2hBAKMWl-56BfD8gVQNJaVfGu2uTLnT7Zua9RIRtLXHraYkzi4sw4vS7IdAj1R3wHeqtSWp1XWaUuyIP2uXUOD2vh_t3UKCXb23RBO-I9VlTQqfIh5AZBsjBGwNqZGBGT4q0UooHk2m06DKE4Jy3JN4f9uw4XQ:1vQnn6:r-YXxgRMjmFzI1Ah8eqeBDh9NemwFqXXhE_WJhhyHyc	2025-12-17 14:25:12.688+00
qty75g9nxld27ugtusss58q2bm0revmf	.eJyrVipOzUlNLklNiU9PzUtJLVKyUnLKr1TSUcpJLC6JT8rPz87MS4_PTFGystRBqC1OLSrLTE4FihcrWUUrmZoBNZiaK8XWAgCAaBsy:1vZoXp:ClUXPS7lOXt9eBMhqj0duRNsAQ01ktgUOw6DIIHzGjw	2026-01-11 11:02:41.784+00
qu5zx7av3r7motixra79rf95u6nqmu4n	.eJxVjE0OwiAYBe_C2hBAKMWl-56BfD8gVQNJaVfGu2uTLnT7Zua9RIRtLXHraYkzi4sw4vS7IdAj1R3wHeqtSWp1XWaUuyIP2uXUOD2vh_t3UKCXb23RBO-I9VlTQqfIh5AZBsjBGwNqZGBGT4q0UooHk2m06DKE4Jy3JN4f9uw4XQ:1vQnlX:tdRyAXeuG4yUHQqSsWGxOg5VQaJeWeMWu8_TA-4b-no	2025-12-17 14:23:35.357+00
wurh6ne6vgreab4x21t7ekhfv5n97kuz	eyJzZWxlY3RlZF9nZW5kZXIiOiJCb3kiLCJsYXN0X2Jvb2tpbmdfaWQiOjE3fQ:1vf019:Ive4irImhX6tltl_y9ZJzzL3qUhHMeqbl5hshHoNd7g	2026-01-25 18:18:23.551+00
z9tufgtmh9ch52l5ltqsdk9877b1yiyb	.eJxVjE0OwiAYBe_C2hBAKMWl-56BfD8gVQNJaVfGu2uTLnT7Zua9RIRtLXHraYkzi4sw4vS7IdAj1R3wHeqtSWp1XWaUuyIP2uXUOD2vh_t3UKCXb23RBO-I9VlTQqfIh5AZBsjBGwNqZGBGT4q0UooHk2m06DKE4Jy3JN4f9uw4XQ:1vQnml:rZ-By3wkoA_SqYN6x0dLCNq96FiYn9gUtcmA5_aoqN4	2025-12-17 14:24:51.384+00
vnfhu5ieduw47mfcth9gwklo8ye6n19z	.eJxdjztuwzAQRO-iOhSoXZIiU7rPGYRdLvWJBdEQpSIIcvfQiYvE7XzeYD6bgc5jHs6S9mGR5rXpmpe_GlO8pu1uyDttU25j3o594fYeaR9uad-ypPXyyP4DzFTm2iYdLYNYZmc1dBBE63EUBLbGRiLQEUBc6jxS0ODAeWRCNEwenBsrtKQ1xSPJMNWRtFfoJX9UfaVyDJzzddmmnw8AT-K05_P2e48x1fG-UxJ0UkbIKK99r7gfTWSrPRmozFudeGo6cTZERIVRozIYnGKJQXUxYRjrN-2w-foGXvVqlw:1vklei:q7UhyfF4uildQOK75gKCkpI2HqC7ODE9yV47fEhZ8ZQ	2026-02-10 16:11:04.068341+00
4wbwex9dak80evblj382wl24hxpyrjtn	eyJzZWxlY3RlZF9nZW5kZXIiOiJCb3kifQ:1w0DdM:IKPlzpH_ZAd6Mrc4IS7QVK72f8PDjzELgUIfJro2wms	2026-03-25 07:05:32.019252+00
urhykizksa2bcfnn48erzf0mmw2zrsba	eyJzZWxlY3RlZF9nZW5kZXIiOiJCb3kifQ:1vv5P6:jFULEunorBu5pM3YlhrFHIoMnZzwYdZRtNF_2ZmdtCc	2026-03-11 03:17:36.379594+00
5e7hegebsgddgfn9wbox3fzn63c4j838	.eJydy00KgCAQQOG7zDrBYoxq2UXEaUaRRKOfRUR3zzO0fDy-Bw5JspzCNkhm2WGCudzQwFYz5mDDXq7NRq7DdI7Ia1EGF6_Qdb0ih6hoGIm9blskrjK547RUyvqHvx_UXi5v:1vv5QO:-Nnah4QgNkj9jLBEp9is7CbO-CfGc9Cw_UenXlFoGnk	2026-03-11 03:18:56.397773+00
4bjyl0wlgv1umbxjpl9d9zbc1u822rqf	eyJzZWxlY3RlZF9nZW5kZXIiOiJCb3kiLCJsYXN0X2Jvb2tpbmdfZ3JvdXBfaWQiOiIzMmU5MzI2NC0xOTExLTQ2MzktYTI2NC05MDUxMWE2MWVmOWIifQ:1vlM2b:QGw3_MFixcxmfor1gXPc-9Zo3utnhcx1dUsxt_FRRkc	2026-02-12 07:02:09.579517+00
okysmkdac26slv5pcjeo7b8fysuk96tw	eyJzZWxlY3RlZF9nZW5kZXIiOiJCb3kifQ:1vvEFZ:-olhuPNhh3JbxlN-tS78wkhu4pcMsCbkp5hMeq2B-tw	2026-03-11 12:44:21.800992+00
3mjn332trlcb3y8u7s5ve6b6ucm5sq21	.eJxNjMsKwjAQAP9lzwbWtUlrj_6GSMhjE4K1kSQKIv678SI9DsPMGyov7Bp7HXn1XGCGU37BDhZTm7Y5X9MadSz5cdfJd4syyDANR2HJWTGM5iAmqTqqYI2xpJSnnv-3lcszOe5xhfkMRCNcNtqbxv1KSEogCVTbtqXbT-5xRoTPFw0bNig:1vlpR2:_g6Kr0oyzHqUZVzZ6chEUaJ2ynod1idgl7bXx7jbn2I	2026-02-13 14:25:20.947574+00
k3semrexbm2snq4shefhu1bmzrhf0x57	eyJzZWxlY3RlZF9nZW5kZXIiOiJCb3kiLCJwZW5kaW5nX2dyb3VwX2lkIjoiMmExNGE0NDktZDg4Yy00N2U2LTg1NmYtZjgzMGRlMjYzNmY3In0:1vn9jQ:gSZxv_K70qLIAIqRC2tJG5VqnW2_xCOppLcXz3Dr7lc	2026-02-17 06:17:48.931126+00
hlcpbhnx984dt02obgsw9ev3i7zrmkpn	.eJyrVipOzUlNLklNiU9PzUtJLVKyUnLKr1TSQYgXpxaVZSanxmemFCtZRSsZGZkrxSJJpySWpAI1GRkYmekaGOkaGiPrLcnMBUkaGlgZGCjVAgDwSSLZ:1vnywy:1-iE2YNtnGMoteyzu4lmcd9_N65ht_ZF558hHI_27dQ	2026-02-19 12:59:12.370124+00
nhgox2szya5as4cjj2yzz3fwmg6175wc	.eJydy00KgCAQQOG7zDpBxkpr2UXE0UEk0ehnEdHd8wwtH4_vgYMz-5ODjVwC7zDDUm_oYGuZSrRxr9dmU2hDD9IgOhaStBK9Ri8mg6NQCtkHJOLJNJndcVqqdf3D3w9VIyxd:1vsg0p:C57zlKfh7wUoivKrCiAoYQYsYbajnbriprBpoNHqP4o	2026-03-04 11:46:35.407993+00
cn74pdpx32adwawm3pu8r95g0mtlukff	eyJzZWxlY3RlZF9nZW5kZXIiOiJCb3kiLCJsYXN0X2Jvb2tpbmdfZ3JvdXBfaWQiOiI0MWRhYjJkMi1mOGVjLTRjNzktYTdmNy1iYzIwN2NlZmJlYTkifQ:1vrbkf:e7bjTszWfe5zNX3cGE9Ffa3K-1D2nnEioPpqhy2aWrI	2026-03-01 13:01:29.552236+00
qqvmzris4r9eiakjlj346hy0pmaappnc	.eJxVjMEOwiAQRP-FsyFAQcCj934D2V1WqRpISnsy_rtt0oMmc5r3Zt4iwbqUtHae05TFRThx-u0Q6Ml1B_kB9d4ktbrME8pdkQftcmyZX9fD_Tso0Mu2JoXGuzMb0A4InNKgFFuP9mYxeBNtYEMGKcY4EHhgGAbLW7QKaLX4fAHiZDe4:1vrfIO:pUzt1tnm0IclxJA7fGXbnu4UHWH4DmRldA7qzp3WiDk	2026-03-01 16:48:32.185019+00
cthasnp9ry67n1p9687okhzmyoohujqg	.eJxVjMEOwiAQRP-FsyFAQcCj934D2V1WqRpISnsy_rtt0oMmc5r3Zt4iwbqUtHae05TFRThx-u0Q6Ml1B_kB9d4ktbrME8pdkQftcmyZX9fD_Tso0Mu2JoXGuzMb0A4InNKgFFuP9mYxeBNtYEMGKcY4EHhgGAbLW7QKaLX4fAHiZDe4:1vrfKp:wurf6KNwF0uSQh9IFr7lN6UOPlkcEci9EDVXcQGyLCQ	2026-03-01 16:51:03.109329+00
5g8qtt3gip35cdxghh9z4t660ko7uo2k	.eJydy0sKgCAURuG93HFCb7FhGxHt_kokKVaDiPaea2h4OHwPHQhYTrD22BmZJprjTRWlkuvutc_xSnrlMgZp2TKkUOw60UvnhOoNCwCNNW1bdzwWGcxxahvj9oe_H_iVLwU:1vt63f:rEV2OszFw71CqpKdTlMpIdZMZ0OFjz_2DQTmkRVUhEA	2026-03-05 15:35:15.258475+00
0sl0begfdavewvfth8vb02hm1558w7iw	.eJxVj8sKgzAQRf8l6xLiaOJj6b5fUEqYZCZqWwwYLZTSf28KUnB7H4d73yLxg_3KZAeeiRfRiT6-xElY3NbRbokXO1FW9VFz6O-5kA264TxE6eO8LpOTv4jc3STPkfjR79kDYMQ05ja42hXAGAwg6JLKmtlAaaBSrYYaITSsPaiGQqORjMfQogqqNYUrKFQZ-n-Qsc_Jc96bRHcRALW4fr5Av0qp:1vy5TU:skdJxqsiSJZd2s2AVU_fjj4vpBf509hDAZ3L4uY5vfM	2026-03-19 09:58:32.112076+00
wot9tueikajh93d81037ywxc26zwzzeq	.eJydy0EKgCAQQNG7zDqhTJlo2UVEnUmiSFFbRHT3PEPLz-c9UPhgX5lM4JM4wwxLvKGD1HI7gwk5Xsls1MbKqAfPJLTUJBQiCtePo_DUI08SvbOqycOWalyM-x_-fqMVLX0:1vwkeM:jmUiT-zw353nXk_UN79DYikTSKxrXb8JrWaDb-ILnTY	2026-03-15 17:32:14.107698+00
lfdi8v2oo1alru76i0ash7oj9zxqpb6a	.eJxVj8lOxDAMhl8F5QqpbCdN0h7nzhMgFGVty1TNqAsSQrw7qZgD4-O_fLa_2VyGabFlv9mwJrenaN3OekZAioPgCE-oe4G97BrQdcwzQA_AXph1xz7aY0urnWKtID6K3oVrWk4nfrhlKE0oy75Ovjkjzd3dmtcS03y5Zx8Ao9vG2u6867TQSEEaAkdZkaeIWkBIOnkZPJEErVoZs8lIaNoMyeegEQFQVOiW5hTO34a6JK0VeilfVZ_dtltfynVaBjus5bj9vdIapZXLkgfUhssYgPvOC-4dYadkDoDuP7Ze-zmFVMsb698YEbL3n18DiWyA:1w0Cfh:YC_AxJA_zuwAZpjx4StyGBTEIK6U_EF5d9e3aRZQk90	2026-03-25 06:03:53.765348+00
2kqzy5xx1n6pf0mowktyawwkq345o9ys	.eJxVjMsOwiAQRf-FtSEwlEdduvcbyMAMUjU0Ke3K-O_apAvd3nPOfYmI21rj1nmJE4mzsOL0uyXMD247oDu22yzz3NZlSnJX5EG7vM7Ez8vh_h1U7PVbQ_JJA2NxgGANGc_swDgY1GjBI5TANoMKVIJFchnLiKqo0emkqQzi_QHfUDf7:1vyCBR:WkPVjMAeGGrLqBn5bU9q5xKrokpyjpnlGxOZUDs3DQ8	2026-03-19 17:08:21.662275+00
99jfut7tq93s6dtxfrqqkr2wv744hk41	.eJxVjMsOwiAQRf-FtSEwlEdduvcbyMAMUjU0Ke3K-O_apAvd3nPOfYmI21rj1nmJE4mzsOL0uyXMD247oDu22yzz3NZlSnJX5EG7vM7Ez8vh_h1U7PVbQ_JJA2NxgGANGc_swDgY1GjBI5TANoMKVIJFchnLiKqo0emkqQzi_QHfUDf7:1vxjgo:rHUsoOKioM65KQ1r-k8GPbvc8aPyJRcxg_8WSO4er2Q	2026-03-18 10:42:50.458944+00
4azpwvhe7e26plve4jwy9nqtipddnfd0	.eJydy0EKgCAURdG9_HGCmZE1bCNi-pQoNNIGEe0919DwcjkPZeywBU4HRIeTJprTTQ0dNdcYdDjTdejV1aG486MFmOi8YJJDMqPQsxGDUka2ZpCocje56CWl7Q9_P60ZLZk:1vvBPB:9ArDEAWWDMlU_e1kXMBfpoKoRvEDBRoKYo3csqBO6B4	2026-03-11 09:42:05.671649+00
iicwwgqjc5ieghxdsze6dl0hr8adscib	.eJyrVipOzUlNLklNiU9PzUtJLVKyUnLKr1TSQYgXpxaVZSanxmemFCtZRSsZGZkrxSJJpySWpAI1GRkYmekaGOkamSHrLcnMBUkaGlgZGCjVAgDwtiLd:1vvH4E:WvcXrNJpwr6G8GY-S9sNrHadPDmtTm_QXv15fUVaUz8	2026-03-11 15:44:50.589592+00
c5fjoj7ffpojek1j49dd2towdbhe8vr2	.eJxVjMsOwiAQRf-FtSEwlEdduvcbyMAMUjU0Ke3K-O_apAvd3nPOfYmI21rj1nmJE4mzsOL0uyXMD247oDu22yzz3NZlSnJX5EG7vM7Ez8vh_h1U7PVbQ_JJA2NxgGANGc_swDgY1GjBI5TANoMKVIJFchnLiKqo0emkqQzi_QHfUDf7:1w1lTO:LD88nz6_U-eM84DIdO-tnWgN2Gn6atehltKrEJWOivk	2026-03-29 13:25:38.078537+00
fxzxk833l43uldvjkjk8gbphrxmx9gwc	.eJxVkMFqwzAQRP9F59rsypIl55h7v6AEIa1WthtjBcsOlNJ_r0JDIdeZecPsfovCC9PO0Y28Rt7ESZzzl3gTzh_75I7Cm5tjVRFexeDpWonqxE-_jrmlvO7bHNpHpH26pX3PkZfzM_tSMPkyVXoIfjCdQUnKSvAy9TLIiKYDYsNBUZBSgem1iskmlGh1Ag6JDCIAdrV08WV3IefrvI5u3PJx-5vcQ98DDdwYpVWjbODGmiE1qbMakg5I9Djq_wN11X0mrnARpw-B1orLzy-wRFzQ:1vzUYR:oSX6-VsbfVcxubdRngHR8-3rYzsnll1Z6V1LMnYrBi0	2026-03-23 06:57:27.429439+00
lkjdxd5k2psmtztz1mx832k5vf0jr7q0	.eJyrVipOzUlNLklNiU9PzUtJLVKyUnLKr1TSQYgXpxaVZSanxmemFCtZRSsZGRooxSJJpySWpAI1GRkYmekaGOsaGiHrLcnMBUkamlsZGCjVAgDurSLY:1w0E7u:8KVJ8zkSMuH2-34uLqMPeS5H1HnazcKbzBigwxgKLcg	2026-03-25 07:37:06.141751+00
r9xy7fjjoxff6vf3wa5z2b8ngypa5d0n	.eJxVjMsOwiAQRf-FtSEwlEdduvcbyMAMUjU0Ke3K-O_apAvd3nPOfYmI21rj1nmJE4mzsOL0uyXMD247oDu22yzz3NZlSnJX5EG7vM7Ez8vh_h1U7PVbQ_JJA2NxgGANGc_swDgY1GjBI5TANoMKVIJFchnLiKqo0emkqQzi_QHfUDf7:1vyVFO:WVo-v5FzblxpaKpwjhuKZ5sGfXjccl1E0er3jGoyT24	2026-03-20 13:29:42.453052+00
96heka2oijfu3fub9na5ua2lmd4w6sq1	.eJxVjMsOwiAQRf-FtSEwlEdduvcbyMAMUjU0Ke3K-O_apAvd3nPOfYmI21rj1nmJE4mzsOL0uyXMD247oDu22yzz3NZlSnJX5EG7vM7Ez8vh_h1U7PVbQ_JJA2NxgGANGc_swDgY1GjBI5TANoMKVIJFchnLiKqo0emkqQzi_QHfUDf7:1vyVFP:yMQsE8Vb0zakF4faahJjPXqL8s06HiHKx6aUcSBlaWU	2026-03-20 13:29:43.358893+00
glahwrsm47ide9r2tgsl84xl06b2jwlo	.eJxVjcEOgyAQRP-Fc0NwFdQevfsNZGEXtTWSgB6apv9eTDy013kzb97C4rHP9sic7ELiLrS4_WYO_ZO3E9ADtylKH7c9LU6eFXnRLMdIvA5X908wY57LGlzrKmAMBhB0TXXLbKA20KheQ4sQOtYeVEeh00jGY-hRBdWbylUUmiLNvLLfmexUTjgV6RBf4vMFhRJAMA:1w2XZx:M4UhEOPTT4IctYtdzbb1E8bX95_hNSDsrpNRSepF_Pg	2026-03-31 16:47:37.727502+00
ksn2aph8ycuc2hjlfi0stsyr8y1zh0ue	.eJxVj0tOxDAQRO_iNYnsjr8sZ88ZrG67nYSJYhQnC4S4Ox4xC9jW55XqS0S8ziVejY-4ZvEqjHj5qxGmO-8PI7_jPtcx1f08VhofkfHptvGtZt5uz-w_wIJt6W0gRwoYiwUEM-XJMVuYLGgZDDiE4tkkkD4XbzDbhCWgLDJYRSoX3aGNN04n5zj3ET469FY_u75hOyPVel_3Oc5HvT5-n6SkiVi6wRGqQWt2g_fKDtaDhRw0cgni-wfmsVNU:1w2Y1z:HpPM8BJxmirwYNIkTDkIFQmqo76wYVpIlW9Zt5V_EZo	2026-03-31 17:16:35.617121+00
rhl3vtnmha7z5v94o5guvnwzb4r8yohc	eyJzZWxlY3RlZF9nZW5kZXIiOiJCb3kifQ:1vyDNY:RyCokiQieyberaWIQhIWltPDjPmml71nby7XSYussrE	2026-03-19 18:24:56.417534+00
av46yeikhx22lus5ylnfcpxc6441pi0a	eyJzZWxlY3RlZF9nZW5kZXIiOiJCb3kifQ:1vyDea:UR98rdgi8L3ck-eH1fO4-cY4BvNHHHCG6mdS2RBZ_uM	2026-03-19 18:42:32.949432+00
qdg9pjp9p0ku51hukz8o9qupdoq78gfb	eyJzZWxlY3RlZF9zZXJ2aWNlX2lkcyI6WyIxODMiXSwic2VsZWN0ZWRfZ2VuZGVyIjoiQm95In0:1w2a9S:JFXwAofIUWsedMnYYm10IncX2fu0psq_SFJq8v6X4aA	2026-03-31 19:32:26.026126+00
hp7n4m7ucwh5k2yzq3miwgvtdrlgkzqx	.eJxVjMsOwiAQRf-FtSEwlEdduvcbyMAMUjU0Ke3K-O_apAvd3nPOfYmI21rj1nmJE4mzsOL0uyXMD247oDu22yzz3NZlSnJX5EG7vM7Ez8vh_h1U7PVbQ_JJA2NxgGANGc_swDgY1GjBI5TANoMKVIJFchnLiKqo0emkqQzi_QHfUDf7:1vyvaw:ogw80NV-ceyzwmQZuqtrH1XPuq4--mV5cH-iCdsfKpE	2026-03-21 17:37:42.075265+00
anqk5uvn37o2lgvucv1y4eii3lfgqtz7	eyJzZWxlY3RlZF9nZW5kZXIiOiJCb3kiLCJzZWxlY3RlZF9zZXJ2aWNlX2lkcyI6WyIxODgiXX0:1vzE7m:X-3tNIurWaDi_mNkCNZ1cvcX_mPzTOkFwZXs2rMh7go	2026-03-22 13:24:50.018471+00
eqjkchvahzzhdbxvdm8sv543cmz3soho	eyJzZWxlY3RlZF9zZXJ2aWNlX2lkcyI6WyIyMDciXSwic2VsZWN0ZWRfZ2VuZGVyIjoiQm95In0:1w2cxr:NtiH-uFtSk4Mpx94H3bZDEqrD9hfhR0tdh_YHza_-1s	2026-03-31 22:32:39.469497+00
6bmydaqd3o10gu834bh7acrrmgt4s3sr	.eJxVkM1uhDAMhF-lyrUNsk0IgePe-wRVFeWXZZeSFYRKVdV3b1BX1XL1N2OP55utYQouB6-HMPuwsJ6d0hd7YVMaxlmnfNNuCWYXmFwgAUkONUd8AtlD3YOqqOkE4DNAD1Cc2mz5rLc1LHr0xYJ4HFrjruVWIf5i5iFVLs15GW21S6o7XavX5MN0umsPC85mPRd3Z03X1i2SE4rAUJRkyWNbgwttsMJZIgGtbISPKiKhaiIEG12LCID1_qRZs7YpXcd50MOStttf5M5YVD5ajmRqLjwpbiICx4YskvTS-j3Tf3cl1efoQjGvrH9jqFShhJK9P4h8afHQ4OOGPH7sEJu9w59fuO19LQ:1w0FIA:7kgXt2Csjhw50u--VNq0kDSgpNrPcaRnox8zq7Gve_g	2026-03-25 08:51:46.088832+00
q27xtbva7891jt0dwcg6d6mdvcx8tzvp	.eJyrVipOzUlNLklNiU9PzUtJLVKyUnLKr1TSQYgXpxaVZSanxmemFCtZRSsZGZooxSJJpySWpAI1GRkYmekaGOsaGiLrLcnMBUsaWhkYKNUCAO9ZItY:1w0JJM:WFSCwoYM1CI6TDrLr2t18Q91nos0sDuHiEjt_kh5IY8	2026-03-25 13:09:16.260453+00
7sr0d6un6q9u5xb51oxgwl0vj4df5eqo	.eJxVjrFuhDAQRP_FdUC7i8Em5fX5BmvXXgM5hCMMRRTl38Mp11w7b-ZpfkzVVeOhKUy6Jd3Nu7mVb_NmAp_HHM6qe1jSlY6vmXC8X4MLpE_eptLGsh37Iu2j0j5pbT9K0vX27L4IZq7zQys8us4hResJmPJAQgldB1Gdio1CZMENvU3ZZyT0fQaVHB0iAHaXdOV6BCnlvmxTmPZyfv0_trnnwbFtuB9zY5Gg8Sy-iQzOK-rgwZrfP-TJUkg:1vyPKe:yoLS1vusP1rl3K8XYwE8adzXBmlDP_qHqBb86i0Z_No	2026-03-20 07:10:44.574815+00
z74abdzv0aoypk4hrn37s4iz3vikxs7h	.eJxVjk1ugzAQhe_idUDjscGQZfY9gzVjj4EE4QrDoqp69zpKNtm-n--9X1VklXBI9JNsUXZ1Vbf8oy7K03nM_iyy-yVWdfzUmMKjFqoR77RNuQ15O_aF22ekfbul_cpR1ts7-wGYqcxPLNPojNMY7IBAmHpkjNoZCOKEbWBEC67vbExD0qiHLoFwCk5rAG0qdKVyeM75sWyTn_Z8fr8eg3HMurcNQrKNNZ00RGNsurpBJgWQkdTfP98-Ups:1w0cSs:zW0ROGCZT6VRqZlQBONSIJvyrd58VCTHy3TMEvLYLyk	2026-03-26 09:36:22.003155+00
364bee00mwu2rtsq5o3yj0dzivm9gq7m	.eJxVjcEOgyAQRP-Fc0NwFdQevfsNZGEXtTWSgB6apv9eTDy013kzb97C4rHP9sic7ELiLrS4_WYO_ZO3E9ADtylKH7c9LU6eFXnRLMdIvA5X908wY57LGlzrKmAMBhB0TXXLbKA20KheQ4sQOtYeVEeh00jGY-hRBdWbylUUmiLNvLLfmexUTjgV6RBf4vMFhRJAMA:1w2Xjc:qqfbTjKURuIlA0p3knvLU3GVXtPBhKtrINqmKsvk55c	2026-03-31 16:57:36.406362+00
478sm5h5krmw657l4v6v1z4sasi230js	eyJzZWxlY3RlZF9zZXJ2aWNlX2lkcyI6WyIxODMiXSwic2VsZWN0ZWRfZ2VuZGVyIjoiQm95In0:1w2cxk:oDgtFF4gxvU26SCPmEWmkXsWHF3yzaJL3NlfrvjAlAY	2026-03-31 22:32:32.318272+00
43lq3ekxzmfjmjfjcqsvtnkfglfvha7h	eyJzZWxlY3RlZF9zZXJ2aWNlX2lkcyI6WyIyMTQiXSwic2VsZWN0ZWRfZ2VuZGVyIjoiQm95In0:1w2cxy:ncUJ25o2N-2l9Hwuyg5UoQvTBCA9Qr0_H-9kl1FiZa4	2026-03-31 22:32:46.129563+00
d6fyjzpbxh97q1o86jqpg1t1k9sh7wox	.eJxVj00OgjAQhe_StZAytIW6dO8ZmmlnCiihhsLCGO9ujS50-36-l_cQDvdtdHvm1U0kjkKLw6_mMVx5eRt0wWVIdUjLtk6-fkfqr5vrcyKeT9_sH2DEPJY2-M43wBgNIOiW2o7ZQGtASauhQ4g96wCyp9hrJBMwWpRRWtP4hqIq0Mwzh43JDWWE1wI9pXvRZ8yb8yldp2Vww5r22-eJIommjVQFoFipwKpCy7oC1VujAW3DSjxf7HZTfQ:1w2pd7:UD3nejJYiBslIsdZIHJyuKWc3ye_oMshikuFp48qMtM	2026-04-01 12:04:05.363567+00
q3zu4ech6wxln50q6kmgjrfnr4u9lu4e	.eJxVj8tugzAQRf_F64DM4AdkmX2_wRrPjIEE4QrDoqr673XULJrtfZyr-60CnsccziJ7WFhdlVWX_1pEesj2NPiO25RbytuxL7F9RtqXW9qPzLLeXtk3wIxlrm2IPnYgmBwg2J57L-Kgd2D0aMEjpEEsgR44DRbZEaYRddKj62LHyVRokVXoEA5THZG9Qm_5q-orliPEnB_LNoVpz-fn3xNCn7zX1GBCaQyRbVAbalh3EV2y0Buvfn4B96NT9Q:1w2kCB:1Qy2UtEg__kBIb8gi6PJCNAbcdNhTgrlIXvnQIVh844	2026-04-01 06:15:55.632548+00
ewqekzuy5h5ujgvfhwbprurnzj7benkm	.eJxVjsFuwyAQRP-Fc23BQgz0mHu_Ae2yi-3GMpWxD1WVf4_b5pLrvDej-VFNFsm7cBplZdnUu7rWb_WmEh77lI4mW5r5TI19DQnz7WychD9xHWuf67pvM_W_Sv-krf-oLMv16b4MTNimsx0Jo7feQHYBNEIZgICNtzqLF3KZAJz2w8VxCcWACZeihUr2xmj992rBtieq9TavYxq3enz9X3ZE3jBCFwebO4cQOxw8dMQ52sAQHLO6PwAbtlLV:1w2nkC:fQq1ieABWPjVMPljLTEBzImYegPcugj6UdINkI2uwM8	2026-04-01 10:03:16.320923+00
\.


--
-- Data for Name: users_user; Type: TABLE DATA; Schema: public; Owner: -
--

COPY public.users_user (id, password, last_login, is_superuser, username, first_name, last_name, email, is_staff, is_active, date_joined, is_barber, phone_number) FROM stdin;
10		2026-03-08 13:39:38.299748+00	f	7339106115				f	t	2026-03-08 13:39:38.291893+00	f	7339106115
11		2026-03-11 06:03:22.011512+00	f	9791986371				f	t	2026-03-10 17:32:15.502611+00	f	9791986371
7		2026-03-01 03:09:56.338286+00	f	9865206921				f	t	2026-03-01 03:09:52.53797+00	f	9865206921
9		2026-03-12 09:36:21.999235+00	f	6369596214				f	t	2026-03-06 07:10:44.559481+00	f	6369596214
12		2026-03-15 08:24:35.088336+00	f	+91 90806 79812				f	t	2026-03-15 08:24:35.073836+00	f	+91 90806 79812
5	pbkdf2_sha256$1000000$IZjU65iBbvlazdesGDhd6b$Tiwv3hwTVPqWLKs3FitrWKbOt0QQCBn9b9OCeMvck3U=	2026-03-17 15:31:11.295187+00	t	admin			admin@example.com	t	t	2026-02-15 16:45:50.623998+00	f	
13		2026-03-18 10:03:16.317445+00	f	7810084103				f	t	2026-03-18 10:03:16.310714+00	f	7810084103
8		2026-03-05 11:05:28.761878+00	f	9360743302				f	t	2026-03-05 11:05:28.687538+00	f	9360743302
6		2026-03-05 18:07:56.359262+00	f	9025513160				f	t	2026-02-18 10:18:19.662003+00	f	9025513160
\.


--
-- Data for Name: users_user_groups; Type: TABLE DATA; Schema: public; Owner: -
--

COPY public.users_user_groups (id, user_id, group_id) FROM stdin;
\.


--
-- Data for Name: users_user_user_permissions; Type: TABLE DATA; Schema: public; Owner: -
--

COPY public.users_user_user_permissions (id, user_id, permission_id) FROM stdin;
\.


--
-- Name: auth_group_id_seq; Type: SEQUENCE SET; Schema: public; Owner: -
--

SELECT pg_catalog.setval('public.auth_group_id_seq', 1, false);


--
-- Name: auth_group_permissions_id_seq; Type: SEQUENCE SET; Schema: public; Owner: -
--

SELECT pg_catalog.setval('public.auth_group_permissions_id_seq', 1, false);


--
-- Name: auth_permission_id_seq; Type: SEQUENCE SET; Schema: public; Owner: -
--

SELECT pg_catalog.setval('public.auth_permission_id_seq', 44, true);


--
-- Name: bookings_blockedday_id_seq; Type: SEQUENCE SET; Schema: public; Owner: -
--

SELECT pg_catalog.setval('public.bookings_blockedday_id_seq', 4, true);


--
-- Name: bookings_booking_id_seq; Type: SEQUENCE SET; Schema: public; Owner: -
--

SELECT pg_catalog.setval('public.bookings_booking_id_seq', 156, true);


--
-- Name: bookings_customertrust_id_seq; Type: SEQUENCE SET; Schema: public; Owner: -
--

SELECT pg_catalog.setval('public.bookings_customertrust_id_seq', 5, true);


--
-- Name: bookings_service_id_seq; Type: SEQUENCE SET; Schema: public; Owner: -
--

SELECT pg_catalog.setval('public.bookings_service_id_seq', 229, true);


--
-- Name: dashboard_shopsettings_id_seq; Type: SEQUENCE SET; Schema: public; Owner: -
--

SELECT pg_catalog.setval('public.dashboard_shopsettings_id_seq', 1, false);


--
-- Name: django_admin_log_id_seq; Type: SEQUENCE SET; Schema: public; Owner: -
--

SELECT pg_catalog.setval('public.django_admin_log_id_seq', 1, false);


--
-- Name: django_content_type_id_seq; Type: SEQUENCE SET; Schema: public; Owner: -
--

SELECT pg_catalog.setval('public.django_content_type_id_seq', 11, true);


--
-- Name: django_migrations_id_seq; Type: SEQUENCE SET; Schema: public; Owner: -
--

SELECT pg_catalog.setval('public.django_migrations_id_seq', 32, true);


--
-- Name: users_user_groups_id_seq; Type: SEQUENCE SET; Schema: public; Owner: -
--

SELECT pg_catalog.setval('public.users_user_groups_id_seq', 1, false);


--
-- Name: users_user_id_seq; Type: SEQUENCE SET; Schema: public; Owner: -
--

SELECT pg_catalog.setval('public.users_user_id_seq', 13, true);


--
-- Name: users_user_user_permissions_id_seq; Type: SEQUENCE SET; Schema: public; Owner: -
--

SELECT pg_catalog.setval('public.users_user_user_permissions_id_seq', 1, false);


--
-- Name: auth_group auth_group_name_key; Type: CONSTRAINT; Schema: public; Owner: -
--

ALTER TABLE ONLY public.auth_group
    ADD CONSTRAINT auth_group_name_key UNIQUE (name);


--
-- Name: auth_group_permissions auth_group_permissions_group_id_permission_id_0cd325b0_uniq; Type: CONSTRAINT; Schema: public; Owner: -
--

ALTER TABLE ONLY public.auth_group_permissions
    ADD CONSTRAINT auth_group_permissions_group_id_permission_id_0cd325b0_uniq UNIQUE (group_id, permission_id);


--
-- Name: auth_group_permissions auth_group_permissions_pkey; Type: CONSTRAINT; Schema: public; Owner: -
--

ALTER TABLE ONLY public.auth_group_permissions
    ADD CONSTRAINT auth_group_permissions_pkey PRIMARY KEY (id);


--
-- Name: auth_group auth_group_pkey; Type: CONSTRAINT; Schema: public; Owner: -
--

ALTER TABLE ONLY public.auth_group
    ADD CONSTRAINT auth_group_pkey PRIMARY KEY (id);


--
-- Name: auth_permission auth_permission_content_type_id_codename_01ab375a_uniq; Type: CONSTRAINT; Schema: public; Owner: -
--

ALTER TABLE ONLY public.auth_permission
    ADD CONSTRAINT auth_permission_content_type_id_codename_01ab375a_uniq UNIQUE (content_type_id, codename);


--
-- Name: auth_permission auth_permission_pkey; Type: CONSTRAINT; Schema: public; Owner: -
--

ALTER TABLE ONLY public.auth_permission
    ADD CONSTRAINT auth_permission_pkey PRIMARY KEY (id);


--
-- Name: bookings_blockedday bookings_blockedday_date_key; Type: CONSTRAINT; Schema: public; Owner: -
--

ALTER TABLE ONLY public.bookings_blockedday
    ADD CONSTRAINT bookings_blockedday_date_key UNIQUE (date);


--
-- Name: bookings_blockedday bookings_blockedday_pkey; Type: CONSTRAINT; Schema: public; Owner: -
--

ALTER TABLE ONLY public.bookings_blockedday
    ADD CONSTRAINT bookings_blockedday_pkey PRIMARY KEY (id);


--
-- Name: bookings_booking bookings_booking_pkey; Type: CONSTRAINT; Schema: public; Owner: -
--

ALTER TABLE ONLY public.bookings_booking
    ADD CONSTRAINT bookings_booking_pkey PRIMARY KEY (id);


--
-- Name: bookings_customertrust bookings_customertrust_phone_number_key; Type: CONSTRAINT; Schema: public; Owner: -
--

ALTER TABLE ONLY public.bookings_customertrust
    ADD CONSTRAINT bookings_customertrust_phone_number_key UNIQUE (phone_number);


--
-- Name: bookings_customertrust bookings_customertrust_pkey; Type: CONSTRAINT; Schema: public; Owner: -
--

ALTER TABLE ONLY public.bookings_customertrust
    ADD CONSTRAINT bookings_customertrust_pkey PRIMARY KEY (id);


--
-- Name: bookings_service bookings_service_pkey; Type: CONSTRAINT; Schema: public; Owner: -
--

ALTER TABLE ONLY public.bookings_service
    ADD CONSTRAINT bookings_service_pkey PRIMARY KEY (id);


--
-- Name: dashboard_shopsetting dashboard_shopsettings_pkey; Type: CONSTRAINT; Schema: public; Owner: -
--

ALTER TABLE ONLY public.dashboard_shopsetting
    ADD CONSTRAINT dashboard_shopsettings_pkey PRIMARY KEY (id);


--
-- Name: django_admin_log django_admin_log_pkey; Type: CONSTRAINT; Schema: public; Owner: -
--

ALTER TABLE ONLY public.django_admin_log
    ADD CONSTRAINT django_admin_log_pkey PRIMARY KEY (id);


--
-- Name: django_content_type django_content_type_app_label_model_76bd3d3b_uniq; Type: CONSTRAINT; Schema: public; Owner: -
--

ALTER TABLE ONLY public.django_content_type
    ADD CONSTRAINT django_content_type_app_label_model_76bd3d3b_uniq UNIQUE (app_label, model);


--
-- Name: django_content_type django_content_type_pkey; Type: CONSTRAINT; Schema: public; Owner: -
--

ALTER TABLE ONLY public.django_content_type
    ADD CONSTRAINT django_content_type_pkey PRIMARY KEY (id);


--
-- Name: django_migrations django_migrations_pkey; Type: CONSTRAINT; Schema: public; Owner: -
--

ALTER TABLE ONLY public.django_migrations
    ADD CONSTRAINT django_migrations_pkey PRIMARY KEY (id);


--
-- Name: django_session django_session_pkey; Type: CONSTRAINT; Schema: public; Owner: -
--

ALTER TABLE ONLY public.django_session
    ADD CONSTRAINT django_session_pkey PRIMARY KEY (session_key);


--
-- Name: bookings_booking unique_service_slot; Type: CONSTRAINT; Schema: public; Owner: -
--

ALTER TABLE ONLY public.bookings_booking
    ADD CONSTRAINT unique_service_slot UNIQUE (service_id, date, "time");


--
-- Name: users_user_groups users_user_groups_pkey; Type: CONSTRAINT; Schema: public; Owner: -
--

ALTER TABLE ONLY public.users_user_groups
    ADD CONSTRAINT users_user_groups_pkey PRIMARY KEY (id);


--
-- Name: users_user_groups users_user_groups_user_id_group_id_b88eab82_uniq; Type: CONSTRAINT; Schema: public; Owner: -
--

ALTER TABLE ONLY public.users_user_groups
    ADD CONSTRAINT users_user_groups_user_id_group_id_b88eab82_uniq UNIQUE (user_id, group_id);


--
-- Name: users_user users_user_phone_number_aff54ffd_uniq; Type: CONSTRAINT; Schema: public; Owner: -
--

ALTER TABLE ONLY public.users_user
    ADD CONSTRAINT users_user_phone_number_aff54ffd_uniq UNIQUE (phone_number);


--
-- Name: users_user users_user_pkey; Type: CONSTRAINT; Schema: public; Owner: -
--

ALTER TABLE ONLY public.users_user
    ADD CONSTRAINT users_user_pkey PRIMARY KEY (id);


--
-- Name: users_user_user_permissions users_user_user_permissions_pkey; Type: CONSTRAINT; Schema: public; Owner: -
--

ALTER TABLE ONLY public.users_user_user_permissions
    ADD CONSTRAINT users_user_user_permissions_pkey PRIMARY KEY (id);


--
-- Name: users_user_user_permissions users_user_user_permissions_user_id_permission_id_43338c45_uniq; Type: CONSTRAINT; Schema: public; Owner: -
--

ALTER TABLE ONLY public.users_user_user_permissions
    ADD CONSTRAINT users_user_user_permissions_user_id_permission_id_43338c45_uniq UNIQUE (user_id, permission_id);


--
-- Name: users_user users_user_username_key; Type: CONSTRAINT; Schema: public; Owner: -
--

ALTER TABLE ONLY public.users_user
    ADD CONSTRAINT users_user_username_key UNIQUE (username);


--
-- Name: auth_group_name_a6ea08ec_like; Type: INDEX; Schema: public; Owner: -
--

CREATE INDEX auth_group_name_a6ea08ec_like ON public.auth_group USING btree (name varchar_pattern_ops);


--
-- Name: auth_group_permissions_group_id_b120cbf9; Type: INDEX; Schema: public; Owner: -
--

CREATE INDEX auth_group_permissions_group_id_b120cbf9 ON public.auth_group_permissions USING btree (group_id);


--
-- Name: auth_group_permissions_permission_id_84c5c92e; Type: INDEX; Schema: public; Owner: -
--

CREATE INDEX auth_group_permissions_permission_id_84c5c92e ON public.auth_group_permissions USING btree (permission_id);


--
-- Name: auth_permission_content_type_id_2f476e4b; Type: INDEX; Schema: public; Owner: -
--

CREATE INDEX auth_permission_content_type_id_2f476e4b ON public.auth_permission USING btree (content_type_id);


--
-- Name: bookings_booking_service_id_8d3eedd5; Type: INDEX; Schema: public; Owner: -
--

CREATE INDEX bookings_booking_service_id_8d3eedd5 ON public.bookings_booking USING btree (service_id);


--
-- Name: bookings_customertrust_phone_number_4ad30642_like; Type: INDEX; Schema: public; Owner: -
--

CREATE INDEX bookings_customertrust_phone_number_4ad30642_like ON public.bookings_customertrust USING btree (phone_number varchar_pattern_ops);


--
-- Name: django_admin_log_content_type_id_c4bce8eb; Type: INDEX; Schema: public; Owner: -
--

CREATE INDEX django_admin_log_content_type_id_c4bce8eb ON public.django_admin_log USING btree (content_type_id);


--
-- Name: django_admin_log_user_id_c564eba6; Type: INDEX; Schema: public; Owner: -
--

CREATE INDEX django_admin_log_user_id_c564eba6 ON public.django_admin_log USING btree (user_id);


--
-- Name: django_session_expire_date_a5c62663; Type: INDEX; Schema: public; Owner: -
--

CREATE INDEX django_session_expire_date_a5c62663 ON public.django_session USING btree (expire_date);


--
-- Name: django_session_session_key_c0390e0f_like; Type: INDEX; Schema: public; Owner: -
--

CREATE INDEX django_session_session_key_c0390e0f_like ON public.django_session USING btree (session_key varchar_pattern_ops);


--
-- Name: users_user_groups_group_id_9afc8d0e; Type: INDEX; Schema: public; Owner: -
--

CREATE INDEX users_user_groups_group_id_9afc8d0e ON public.users_user_groups USING btree (group_id);


--
-- Name: users_user_groups_user_id_5f6f5a90; Type: INDEX; Schema: public; Owner: -
--

CREATE INDEX users_user_groups_user_id_5f6f5a90 ON public.users_user_groups USING btree (user_id);


--
-- Name: users_user_phone_number_aff54ffd_like; Type: INDEX; Schema: public; Owner: -
--

CREATE INDEX users_user_phone_number_aff54ffd_like ON public.users_user USING btree (phone_number varchar_pattern_ops);


--
-- Name: users_user_user_permissions_permission_id_0b93982e; Type: INDEX; Schema: public; Owner: -
--

CREATE INDEX users_user_user_permissions_permission_id_0b93982e ON public.users_user_user_permissions USING btree (permission_id);


--
-- Name: users_user_user_permissions_user_id_20aca447; Type: INDEX; Schema: public; Owner: -
--

CREATE INDEX users_user_user_permissions_user_id_20aca447 ON public.users_user_user_permissions USING btree (user_id);


--
-- Name: users_user_username_06e46fe6_like; Type: INDEX; Schema: public; Owner: -
--

CREATE INDEX users_user_username_06e46fe6_like ON public.users_user USING btree (username varchar_pattern_ops);


--
-- Name: auth_group_permissions auth_group_permissio_permission_id_84c5c92e_fk_auth_perm; Type: FK CONSTRAINT; Schema: public; Owner: -
--

ALTER TABLE ONLY public.auth_group_permissions
    ADD CONSTRAINT auth_group_permissio_permission_id_84c5c92e_fk_auth_perm FOREIGN KEY (permission_id) REFERENCES public.auth_permission(id) DEFERRABLE INITIALLY DEFERRED;


--
-- Name: auth_group_permissions auth_group_permissions_group_id_b120cbf9_fk_auth_group_id; Type: FK CONSTRAINT; Schema: public; Owner: -
--

ALTER TABLE ONLY public.auth_group_permissions
    ADD CONSTRAINT auth_group_permissions_group_id_b120cbf9_fk_auth_group_id FOREIGN KEY (group_id) REFERENCES public.auth_group(id) DEFERRABLE INITIALLY DEFERRED;


--
-- Name: auth_permission auth_permission_content_type_id_2f476e4b_fk_django_co; Type: FK CONSTRAINT; Schema: public; Owner: -
--

ALTER TABLE ONLY public.auth_permission
    ADD CONSTRAINT auth_permission_content_type_id_2f476e4b_fk_django_co FOREIGN KEY (content_type_id) REFERENCES public.django_content_type(id) DEFERRABLE INITIALLY DEFERRED;


--
-- Name: bookings_booking bookings_booking_service_id_8d3eedd5_fk_bookings_service_id; Type: FK CONSTRAINT; Schema: public; Owner: -
--

ALTER TABLE ONLY public.bookings_booking
    ADD CONSTRAINT bookings_booking_service_id_8d3eedd5_fk_bookings_service_id FOREIGN KEY (service_id) REFERENCES public.bookings_service(id) DEFERRABLE INITIALLY DEFERRED;


--
-- Name: django_admin_log django_admin_log_content_type_id_c4bce8eb_fk_django_co; Type: FK CONSTRAINT; Schema: public; Owner: -
--

ALTER TABLE ONLY public.django_admin_log
    ADD CONSTRAINT django_admin_log_content_type_id_c4bce8eb_fk_django_co FOREIGN KEY (content_type_id) REFERENCES public.django_content_type(id) DEFERRABLE INITIALLY DEFERRED;


--
-- Name: django_admin_log django_admin_log_user_id_c564eba6_fk_users_user_id; Type: FK CONSTRAINT; Schema: public; Owner: -
--

ALTER TABLE ONLY public.django_admin_log
    ADD CONSTRAINT django_admin_log_user_id_c564eba6_fk_users_user_id FOREIGN KEY (user_id) REFERENCES public.users_user(id) DEFERRABLE INITIALLY DEFERRED;


--
-- Name: users_user_groups users_user_groups_group_id_9afc8d0e_fk_auth_group_id; Type: FK CONSTRAINT; Schema: public; Owner: -
--

ALTER TABLE ONLY public.users_user_groups
    ADD CONSTRAINT users_user_groups_group_id_9afc8d0e_fk_auth_group_id FOREIGN KEY (group_id) REFERENCES public.auth_group(id) DEFERRABLE INITIALLY DEFERRED;


--
-- Name: users_user_groups users_user_groups_user_id_5f6f5a90_fk_users_user_id; Type: FK CONSTRAINT; Schema: public; Owner: -
--

ALTER TABLE ONLY public.users_user_groups
    ADD CONSTRAINT users_user_groups_user_id_5f6f5a90_fk_users_user_id FOREIGN KEY (user_id) REFERENCES public.users_user(id) DEFERRABLE INITIALLY DEFERRED;


--
-- Name: users_user_user_permissions users_user_user_perm_permission_id_0b93982e_fk_auth_perm; Type: FK CONSTRAINT; Schema: public; Owner: -
--

ALTER TABLE ONLY public.users_user_user_permissions
    ADD CONSTRAINT users_user_user_perm_permission_id_0b93982e_fk_auth_perm FOREIGN KEY (permission_id) REFERENCES public.auth_permission(id) DEFERRABLE INITIALLY DEFERRED;


--
-- Name: users_user_user_permissions users_user_user_permissions_user_id_20aca447_fk_users_user_id; Type: FK CONSTRAINT; Schema: public; Owner: -
--

ALTER TABLE ONLY public.users_user_user_permissions
    ADD CONSTRAINT users_user_user_permissions_user_id_20aca447_fk_users_user_id FOREIGN KEY (user_id) REFERENCES public.users_user(id) DEFERRABLE INITIALLY DEFERRED;


--
-- PostgreSQL database dump complete
--

\unrestrict 8XXhGcRZLGsWl8QjMCveObfx3I1gHO9x5Mwbu0U6HL4hsDSRnHFMIAhhFiEVu7j

